Year,World,Total 12 Western Europe,Western Europe,Western Offshoots,Latin America,Asia,Africa,RATIO OF RICHEST WORLD REGION TO POOREST (1),RATIO OF RICHEST WORLD REGION TO POOREST (2),RATIO OF RICHEST 4 TO POOREST 4,RICHEST 4,POOREST 4,Largest,2nd Largest,3rd Largest,4th Largest,4th Smallest,3rd Smallest,2nd Smallest,Smallest,Austria,Belgium,Denmark,Finland - Finlande,France,Germany - Allemagne,Italy,Netherlands,Norway,Sweden - Suède,Switzerland,United Kingdom,Total 12 Western Europe - 12 pays d'Europe de l'Ouest,Ireland - Irlande,Greece - Grèce,Portugal,Spain - Espagne,13 small Western Europe - 13 petits pays d'Europe de l'Ouest,Western Europe,Australia,New Zealand,Canada,United States,Western Offshoots,Albania - Albanie,Bulgaria - Bulgarie,Czechoslovakia - Tchécoslovaquie,Hungary - Hongrie,Poland - Pologne,Romania - Roumanie,Yugoslavia - Yougoslavie,Total 7 East European Countries - 7 pays d'Europe de l'Est,USSR - URSS,Bosnia - Bosnie,Croatia - Croatie,Macedonia - Macédonie,Slovenia - Slovénie,Serbia/Montenegro - Serbie/Monténégro,Former Yugoslavia - Ex-Yougoslavie,Czech Republic - Republique tchèque,Slovakia - Slovaquie,Former Czechoslovakia - Ex-Tchécoslovaquie,Armenia - Arménie,Azerbaijan - Azerbaïdjan,Belarus - Bélarus,Estonia - Estonie,Georgia - Géorgie,Kazakhstan,Kyrgyzstan - Kirghizstan,Latvia - Lettonie,Lithuania - Lituanie,Moldova - Moldavie,Russian Federation - Fédération russe,Tajikistan - Tadjikistan,Turkmenistan - Turkménistan,Ukraine,Uzbekistan - Ouzbékistan,Total Former USSR - Ex-URSS,Argentina - Argentine,Brazil - Brésil,Chile - Chili,Colombia - Colombie,Mexico - Mexique,Peru - Pérou,Uruguay,Venezuela,Total 8 Latin American countries - 8 Pays d'Amérique latine,Bolivia - Bolivie,Costa Rica,Cuba,Dominican Republic - République dominicaine,Ecuador - Equateur,El Salvador,Guatemala,Haïti,Honduras,Jamaica - Jamaïque,Nicaragua,Panama,Paraguay,Puerto Rico - Porto Rico,Trinidad and Tobago - Trinité-et-Tobago,Total 15 Latin American countries,Total 24 small Caribbean countries - 24 petits pays des Caraïbes,Latin America,China,India,Indonesia - Indonésie,Japan,Philippines,South Korea - Corée du Sud,Thailand - Thaïlande,Taiwan,Bangladesh,Burma - Birmanie,Hong Kong,Malaysia - Malaisie,Nepal,Pakistan,Singapore - Singapour,Sri Lanka,Total 16 Asian countries - 16 pays d'Asie,Afghanistan,Cambodia -  Cambodge,Laos,Mongolia - Mongolie,North Korea - Corée du Nord,Vietnam,20 Small Asian Countries - 20 petits pays d'Asie de l'Est,Total 26 East Asian countries - 26 pays d'Asie de l'Est,Bahrain - Bahreïn,Iran,Iraq - Irak,Israel - Israël,Jordan - Jordanie,Kuwait - Koweït,Lebanon - Liban,Oman,Qatar,South Arabia - Arabie saoudite,Syria - Syrie,Turkey - Turquie,United Arab Emirates - Émirats Arabes Unis,Yemen - Yémen,Palestine and Gaza - Cisjordanie et Gaza,Total 15 West Asian countries - 15 pays d'Asie de l'Ouest,Asia,Algeria - Algérie,Angola,Benin - Bénin,Botswana,Burkina Faso,Burundi,Cameroon - Cameroun,Cape Verde - Cap Vert,Central African Republic - République Centrafricaine,Chad,Comoro Islands - Comores,Congo,Côte d'Ivoire,Djibouti,Egypt - Égypte,Eritrea and Ethiopia,Gabon,Gambia - Gambie,Ghana,Guinea,Guinea Bissau - Guinée Bissau,Kenya,Lesotho,Liberia,Madagascar,Malawi,Mali,Mauritania - Mauritanie,Mauritius - Maurice,Morocco,Mozambique,Namibia - Namibie,Niger,Nigeria,Reunion - Réunion,Rwanda,Senegal - Sénégal,Seychelles,Sierra Leone,Somalia - Somalie,South Africa,Sudan - Soudan,Swaziland,Tanzania - Tanzanie,Togo,Tunisia,Uganda,Zaire,Zambia - Zambie,Zimbabwe,Total 6 African Countries - Pays d'Afrique,Africa,Equitorial Guinea - Guinée Équatoriale,Libya - Lybie,São Tomé and Principe - São Tomé et Principe,"Mayotte, Saint Helena, West Sahara : Mayotte, Sainte Hélène, Sahara Occidental",Total 6 African Countries - 6 pays d'Afrique,World,formula check
,S017-A,S017-B,S017-C,S017-D,S017-E,S017-F,S017-G,S017-H,S017-I,S017-J,S017-K,S017-L,S017-M,S017-N,S017-O,S017-P,S017-Q,S017-R,S017-S,S017-T,S017-U,S017-V,S017-W,S017-X,S017-Y,S017-Z,S017AA,S017AB,S017AC,S017AD,S017AE,S017AF,S017AG,S017AH,S017AI,S017AJ,S017AK,S017AL,S017AM,S017AN,S017AO,S017AP,S017AQ,S017AR,S017AS,S017AT,S017AU,S017AV,S017AW,S017AX,S017AY,S017AZ,S017BA,S017BB,S017BC,S017BD,S017BE,S017BF,S017BG,S017BH,S017BI,S017BJ,S017BK,S017BL,S017BM,S017BN,S017BO,S017BP,S017BQ,S017BR,S017BS,S017BT,S017BU,S017BV,S017BW,S017BX,S017BY,S017BZ,S017CA,S017CB,S017CC,S017CD,S017CE,S017CF,S017CG,S017CH,S017CI,S017CJ,S017CK,S017CL,S017CM,S017CN,S017CO,S017CP,S017CQ,S017CR,S017CS,S017CT,S017CU,S017CV,S017CW,S017CX,S017CY,S017CZ,S017DA,S017DB,S017DC,S017DD,S017DE,S017DF,S017DG,S017DH,S017DI,S017DJ,S017DK,S017DL,S017DM,S017DN,S017DO,S017DP,S017DQ,S017DR,S017DS,S017DT,S017DU,S017DV,S017DW,S017DX,S017DY,S017DZ,S017EA,S017EB,S017EC,S017ED,S017EE,S017EF,S017EG,S017EH,S017EI,S017EJ,S017EK,S017EL,S017EM,S017EN,S017EO,S017EP,S017EQ,S017ER,S017ES,S017ET,S017EU,S017EV,S017EW,S017EX,S017EY,S017EZ,S017FA,S017FB,S017FC,S017FD,S017FE,S017FF,S017FG,S017FH,S017FI,S017FJ,S017FK,S017FL,S017FM,S017FN,S017FO,S017FP,S017FQ,S017FR,S017FS,S017FT,S017FU,S017FV,S017FW,S017FX,S017FY,S017FZ,S017GA,S017GB,S017GC,S017GD,S017GE,S017GF,S017GG,S017GH,S017GI,S017GJ,S017GK,S017GL,S017GM,S017GN,S017GO,S017GP,S017GQ,S017GR,S017GS,S017GT,S017GU,S017GV,S017GW,S017GX
1710,619.5196316426121,1050.8475629462937,1015.2000078111939,536.4950880004749,,605.75,420.89632613107744,2.4119954126067515,2.496689796762526,,,,,,,,,,,,,,,,,,,,,,,,1050.8475629462937,,,,,,1015.2000078111939,,,,,536.4950880004749,,,,,,,,,,,,,,,,,,,,,,,,,,,,,,,,,,,,,,,,,,,,,,,,,,,,,,,,,,,,,,,,,,,,,,,,,,,,,,,,,,,,,,,,,,,,,,,,,,,,,,,605.75,,,,,,,,,,,,,,,,,,,,,,,,,,,,,,,,,,,,,,,,,,,,,,,,,,,,420.89632613107744,,,,,,619.5196316426121,210.0
1720,623.836028766011,1068.5391284508758,1032.3396178811652,596.9901760009498,,603.5,420.7926522621549,2.4533213979174118,2.539348352939331,,,,,,,,,,,,,,,,,,,,,,,,1068.5391284508758,,,,,,1032.3396178811652,,,,,596.9901760009498,,,,,,,,,,,,,,,,,,,,,,,,,,,,,,,,,,,,,,,,,,,,,,,,,,,,,,,,,,,,,,,,,,,,,,,,,,,,,,,,,,,,,,,,,,,,,,,,,,,,,,,603.5,,,,,,,,,,,,,,,,,,,,,,,,,,,,,,,,,,,,,,,,,,,,,,,,,,,,420.7926522621549,,,,,,623.836028766011,211.0
1730,628.15242588941,1086.2306939554578,1049.4792279511364,657.4852640014246,,601.25,420.68897839323233,2.494667751837683,2.5820279345186954,,,,,,,,,,,,,,,,,,,,,,,,1086.2306939554578,,,,,,1049.4792279511364,,,,,657.4852640014246,,,,,,,,,,,,,,,,,,,,,,,,,,,,,,,,,,,,,,,,,,,,,,,,,,,,,,,,,,,,,,,,,,,,,,,,,,,,,,,,,,,,,,,,,,,,,,,,,,,,,,,601.25,,,,,,,,,,,,,,,,,,,,,,,,,,,,,,,,,,,,,,,,,,,,,,,,,,,,420.68897839323233,,,,,,628.15242588941,212.0
1740,632.4688230128089,1103.9222594600399,1066.6188380211076,717.9803520018995,,599.0,420.5853045243098,2.536034489430092,2.6247285570488432,,,,,,,,,,,,,,,,,,,,,,,,1103.9222594600399,,,,,,1066.6188380211076,,,,,717.9803520018995,,,,,,,,,,,,,,,,,,,,,,,,,,,,,,,,,,,,,,,,,,,,,,,,,,,,,,,,,,,,,,,,,,,,,,,,,,,,,,,,,,,,,,,,,,,,,,,,,,,,,,,599.0,,,,,,,,,,,,,,,,,,,,,,,,,,,,,,,,,,,,,,,,,,,,,,,,,,,,420.5853045243098,,,,,,632.4688230128089,213.0
1750,636.7852201362078,1121.613824964622,1083.758448091079,778.4754400023744,,596.75,420.4816306553872,2.5774216257720215,2.667450236093332,,,,,,,,,,,,,,,,,,,,,,,,1121.613824964622,,,,,,1083.758448091079,,,,,778.4754400023744,,,,,,,,,,,,,,,,,,,,,,,,,,,,,,,,,,,,,,,,,,,,,,,,,,,,,,,,,,,,,,,,,,,,,,,,,,,,,,,,,,,,,,,,,,,,,,,,,,,,,,,596.75,,,,,,,,,,,,,,,,,,,,,,,,,,,,,,,,,,,,,,,,,,,,,,,,,,,,420.4816306553872,,,,,,636.7852201362078,214.0
1760,641.1016172596068,1139.305390469204,1100.8980581610501,838.9705280028493,,594.5,420.37795678646467,2.6188291759557285,2.710192987231074,,,,,,,,,,,,,,,,,,,,,,,,1139.305390469204,,,,,,1100.8980581610501,,,,,838.9705280028493,,,,,,,,,,,,,,,,,,,,,,,,,,,,,,,,,,,,,,,,,,,,,,,,,,,,,,,,,,,,,,,,,,,,,,,,,,,,,,,,,,,,,,,,,,,,,,,,,,,,,,,594.5,,,,,,,,,,,,,,,,,,,,,,,,,,,,,,,,,,,,,,,,,,,,,,,,,,,,420.37795678646467,,,,,,641.1016172596068,215.0
1770,645.4180143830057,1156.996955973786,1118.0376682310214,899.4656160033242,,592.25,420.2742829175421,2.6602571550883605,2.752956826056352,,,,,,,,,,,,,,,,,,,,,,,,1156.996955973786,,,,,,1118.0376682310214,,,,,899.4656160033242,,,,,,,,,,,,,,,,,,,,,,,,,,,,,,,,,,,,,,,,,,,,,,,,,,,,,,,,,,,,,,,,,,,,,,,,,,,,,,,,,,,,,,,,,,,,,,,,,,,,,,,592.25,,,,,,,,,,,,,,,,,,,,,,,,,,,,,,,,,,,,,,,,,,,,,,,,,,,,420.2742829175421,,,,,,645.4180143830057,216.0
1780,649.7344115064046,1174.688521478368,1135.1772783009926,959.960704003799,,590.0,420.17060904861955,2.7017055782919766,2.795741768178841,,,,,,,,,,,,,,,,,,,,,,,,1174.688521478368,,,,,,1135.1772783009926,,,,,959.960704003799,,,,,,,,,,,,,,,,,,,,,,,,,,,,,,,,,,,,,,,,,,,,,,,,,,,,,,,,,,,,,,,,,,,,,,,,,,,,,,,,,,,,,,,,,,,,,,,,,,,,,,,590.0,,,,,,,,,,,,,,,,,,,,,,,,,,,,,,,,,,,,,,,,,,,,,,,,,,,,420.17060904861955,,,,,,649.7344115064046,217.0
1790,654.0508086298036,1192.3800869829502,1152.3168883709639,1020.4557920042739,,587.75,420.066935179697,2.743174460703563,2.838547829223625,,,,,,,,,,,,,,,,,,,,,,,,1192.3800869829502,,,,,,1152.3168883709639,,,,,1020.4557920042739,,,,,,,,,,,,,,,,,,,,,,,,,,,,,,,,,,,,,,,,,,,,,,,,,,,,,,,,,,,,,,,,,,,,,,,,,,,,,,,,,,,,,,,,,,,,,,,,,,,,,,,587.75,,,,,,,,,,,,,,,,,,,,,,,,,,,,,,,,,,,,,,,,,,,,,,,,,,,,420.066935179697,,,,,,654.0508086298036,218.0
1800,658.3672057532025,1210.0716524875322,1169.456498440935,1080.9508800047488,,585.5,419.96326131077444,2.784663817475055,2.8813750248312187,,,,,,,,,,,,,,,,,,,,,,,,1210.0716524875322,,,,,,1169.456498440935,,,,,1080.9508800047488,,,,,,,,,,,,,,,,,,,,,,,,,,,,,,,,,,,,,,,,,,,,,,,,,,,,,,,,,,,,,,,,,,,,,,,,,,,,,,,,,,,,,,,,,,,,,,,,,,,,,,,585.5,,,,,,,,,,,,,,,,,,,,,,,,,,,,,,,,,,,,,,,,,,,,,,,,,,,,419.96326131077444,,,,,,658.3672057532025,219.0
1810,662.6836028766014,1227.7632179921143,1186.5961085109063,1141.4459680052237,,583.25,419.8595874418519,2.826173663773351,2.924223370657583,,,,,,,,,,,,,,,,,,,,,,,,1227.7632179921143,,,,,,1186.5961085109063,,,,,1141.4459680052237,,,,,,,,,,,,,,,,,,,,,,,,,,,,,,,,,,,,,,,,,,,,,,,,,,,,,,,,,,,,,,,,,,,,,,,,,,,,,,,,,,,,,,,,,,,,,,,,,,,,,,,583.25,,,,,,,,,,,,,,,,,,,,,,,,,,,,,,,,,,,,,,,,,,,,,,,,,,,,419.8595874418519,,,,,,662.6836028766014,220.0
1820,667.0,1245.4547834966966,1203.7357185808778,1201.9410560056986,692.1907394609536,581.0,419.75591357292956,2.867704014780336,2.9670928823741463,3.7608134062494254,1534.0896018684518,407.91430899475677,1837.9768538362623,1705.9183577381232,1318.8701223063483,1273.5930735930735,419.75591357292956,414.8387096774194,400.0,397.0626127286782,1218.1656277827249,1318.8701223063483,1273.5930735930735,781.0094097519246,1134.9759999999999,1076.852037743425,1116.921094369548,1837.9768538362623,1104.1237113402062,1198.4526112185688,1090.1309164149043,1705.9183577381232,1245.4547834966966,877.482044782425,641.0034602076124,922.9602669093116,1007.8669179709907,955.8599695585997,1203.7357185808778,517.9640718562874,400.0,904.4117647058823,1257.1886584510569,1201.9410560056986,,,849.0270340864569,,,,,683.1609841731354,687.994156852004,,,,,,,,,,,,,,,,,,,,,,,,,,,646.1060572442867,,,759.0708972218006,,,,713.2013410082865,,,,,,,,,,700.7481296758104,,,,,,635.7927786499215,636.25,692.1907394609536,600.0,533.0956937799043,611.9261449210687,669.0,704.0441176470589,600.0,646.0878885316184,499.0,,503.9931545921278,615.0,602.787456445993,397.0626127286782,,615.0,492.1681780708986,581.0174898663864,,,,,600.0,527.0950999847352,,556.1008719260691,,588.0,588.2891125343093,,588.0,,658.0,,,,658.1899775617053,643.041492952154,,,613.0,607.0,581.0,430.27147638527333,,,,,,,,,,,,,,474.964234620887,,,,,,,,,,,,,,,429.8995909259948,,,,,,,,,,,414.8387096774194,,,,,429.7142857142857,,,,,,419.75591357292956,,,,,,667.0,320.0
1830,708.6,1383.806188916562,1327.1744828887943,1328.1218410944134,689.9886370154323,576.4,435.80473085834365,3.0475158873989217,3.1752895068189653,3.2392647888138244,1634.217228529217,504.50251371010813,2012.9130269654386,1749.3682422635568,1398.5302430751838,1376.0574018126888,605.8053239820888,576.4,435.80473085834365,400.0,1398.5302430751838,1354.1333333333334,1329.9293008641007,,1190.8408408408409,1328.2224995542877,,2012.9130269654386,,1175.207756232687,,1749.3682422635568,1383.806188916562,,,,,,1327.1744828887943,848.4848484848485,400.0,1000.0,1376.0574018126888,1328.1218410944134,,,,,,,,,,,,,,,,,,,,,,,,,,,,,,,,,,,,,,,,,,,,,,,,,,,,,,,,,,,605.8053239820888,,689.9886370154323,,,,,,,,,,,,,,,,,,,,,,,,,,,,,,,,,,,,,,,,,,576.4,,,,,,,,,,,,,,,,,,,,,,,,,,,,,,,,,,,,,,,,,,,,,,,,,,,,435.80473085834365,,,,,,708.6,330.0
1840,750.2,1522.1575943364273,1450.6132471967107,1541.99989812032,687.786534569911,571.8,451.85354814375773,3.4126099141081236,3.4126099141081236,3.7315798328826273,1865.2968044528911,499.86785436450344,2282.744282744283,1990.4281174051223,1600.4202292650034,1587.5945883971567,575.8178693142561,571.8,451.85354814375773,400.0,1514.5317545748117,1600.4202292650034,1428.1503316138542,,1427.7363896848137,,,2282.744282744283,,1230.9652755654668,,1990.4281174051223,1522.1575943364273,,,,,1327.1744828887943,1450.6132471967107,1373.8095238095239,400.0,1162.0506776664704,1587.5945883971567,1541.99989812032,,,,,,,,,,,,,,,,,,,,,,,,,,,,,,,,,,,,,,,,,,,,,,,,,,,,,,,,,,,575.8178693142561,,687.786534569911,,,,,,,,,,,,,,,,,,,,,,,,,,,,,,,,,,,,,,,,,,571.8,,,,,,,,,,,,,,,,,,,,,,,,,,,,,,,,,,,,,,,,,,,,,,,,,,,,451.85354814375773,,,,,,750.2,340.0
1850,791.8000000000001,1660.508999756293,1574.052011504627,1763.2660687593423,685.5844321243898,567.1999999999999,467.9023654291718,3.7684487171635266,3.7684487171635266,4.017679851121073,2130.7940039505306,530.3543544804756,2370.88444157521,2330.3778374599906,1975.206611570248,1846.7071251966734,563.8249887235002,545.8304146464234,543.859649122807,467.9023654291718,1650.379746835443,1846.7071251966734,1767.1781187458307,910.9336609336609,1596.6712517193948,1427.6655010964264,1349.9182338511857,2370.88444157521,1187.5,1289.1185759402815,1488.4405212274066,2330.3778374599906,1660.508999756293,,816.0315374507228,923.4800838574424,1078.6894051295824,1272.7272727272727,1574.052011504627,1975.206611570248,1144.4444444444443,1329.5774647887324,1805.8948261238336,1763.2660687593423,,,1079.027027027027,,,,,868.9964198059039,,,,,,,,,,,,,,,,,,,,,,,,,,,,685.5128559579762,,,,,,,,,,,,,,,,,543.859649122807,,,,,,545.8304146464234,,685.5844321243898,,,,,,,,,,,,,,,,563.8249887235002,,,,,,,,,,,,,,,,,,,,,,,,,,567.1999999999999,,,,,,,,,,,,,,,,,,,,,,,,,,,,,,,,,,,,,,,,,,,,,,,,,,,,467.9023654291718,,,,,,791.8000000000001,350.0
1860,833.4000000000001,1874.382306462458,1574.052011504627,2137.211585665194,683.3823296788685,562.5999999999999,483.9511827145859,4.416171841294232,4.416171841294232,4.628381656121698,2598.5776571191177,561.4441180930112,2894.419306184012,2830.240930490169,2377.034358047016,2292.616033755274,683.3823296788685,562.5999999999999,515.8429599785907,483.9511827145859,1777.567886658796,2292.616033755274,1741.1556603773586,959.1484464902187,1892.1447721179625,1639.3242530999473,,2377.034358047016,,1487.8238341968913,1744.6215139442231,2830.240930490169,1874.382306462458,,,,1236.1590589438692,,1574.052011504627,2894.419306184012,2212.121212121212,1450.578806767587,2178.0206664782186,2137.211585665194,,,,,,,,,,,,,,,,,,,,,,,,,,,,,,,,,,,,,,,,,,,,,,,,,,,,,,,,,,,515.8429599785907,,683.3823296788685,,,,,,,,,,,,,,,,,,,,,,,,,,,,,,,,,,,,,,,,,,562.5999999999999,,,,,,,,,,,,,,,,,,,,,,,,,,,,,,,,,,,,,,,,,,,,,,,,,,,,483.9511827145859,,,,,,833.4000000000001,360.0
1870,875.0,2088.2556131686233,1960.4460491509517,2419.132963027252,681.1802272333474,558.0,500.0,4.838265926054504,4.838265926054504,6.969096751726889,3080.029127586999,441.95528306071964,3273.2394366197186,3190.4340127388537,3099.6563573883163,2756.786703601108,485.8555053107582,446.1028192371476,438.8853704876504,396.9774372073223,1862.5904867256638,2691.5227629513347,2003.1779661016951,1139.6807297605474,1875.6506503642038,1839.0795034539012,1499.354561101549,2756.786703601108,1432.2766570605188,1661.5495322619333,2102.0715630885124,3190.4340127388537,2088.2556131686233,1775.0507473703635,879.9562482909489,975.0404437254449,1207.0859823467688,1602.357984994641,1960.4460491509517,3273.2394366197186,3099.6563573883163,1694.5252578682887,2444.6211575259063,2419.132963027252,446.1028192371476,839.907192575406,1163.9586410635154,1091.6004732127767,945.982804624963,931.0382394596362,599.006301502666,936.628265212764,943.3191988451822,,,,,,,,,,,,,,,,,,,,,,,,,,1310.6261631892683,712.9733591915892,,,674.042737824059,,2180.758017492711,569.2679975801574,748.6974352079061,,,,,,,,,,535.0701402805611,,,,,,485.8555053107582,548.6415425065732,681.1802272333474,530.0,533.1304347826086,654.4844754857894,737.375497284897,776.0221212719731,604.0192761201681,712.0346320346321,550.1066098081023,,503.886925795053,682.9268292682927,662.5,396.9774372073223,,682.1428571428571,851.3998564249821,550.9805909882808,,,,,604.0789181999556,505.4141337386018,,535.0032113037894,,719.0,718.9873417721518,,718.0451127819549,,844.0,,,,843.8685208596713,825.0,,,750.0,742.0,558.0,715.042372881356,,,,,,,,,,,,,,648.7445027663499,,,,438.8853704876504,,,,,,,,,,,563.0296610169491,,,,,,,,,,,857.8720062819003,,,,,632.6530612244899,,,,,,500.0,,,,,,875.0,370.0
1880,1004.0906092819534,2297.9436280834975,1960.4460491509517,2860.700238016644,823.7201572690152,584.5385309461323,533.6666666666666,5.360462657120507,5.360462657120507,6.166922839391245,3643.5157807701084,590.815853491329,4285.3891670459725,3746.5326923076927,3477.319931837218,3064.8213318895505,661.8201727704101,584.5385309461323,583.2380435821071,533.6666666666666,2078.837887067395,3064.8213318895505,2181.465641518501,1154.8265754763067,2120.430195927775,1991.406436781609,1580.8785695051738,3045.510759337126,1587.9426784783743,1846.1187664041993,2449.8062698133144,3477.319931837218,2297.9436280834975,,,947.2885032537961,1646.005101132926,,1960.4460491509517,4285.3891670459725,3746.5326923076927,1815.8868613138688,2880.3163026675647,2860.700238016644,,,,,,,,,,,,,,,,,,,,,,,,,,,,,,,,,,,,752.1621163303374,,,,,2081.8965517241377,,,,,,,,,,,,,,,,,,583.2380435821071,,823.7201572690152,,,661.8201727704101,863.3955497595566,,,,,,,,,,,,830.5196954650778,,,,,,,,,,,,,,,,,,,,,,,,,,584.5385309461323,,,,,,,,,,,,,,,,,,,,,,,,,,,,,,,,,,,,,,,,,,,,,,,,,,,,533.6666666666666,,,,,,1004.0906092819534,380.0
1890,1133.181218563907,2643.4030480510587,2490.471923324866,3372.0162934770533,966.260087304683,611.0770618922645,567.3333333333333,5.943624489089989,5.943624489089989,6.835330011392306,3912.447409823689,572.3860301262547,4457.676214998391,4008.7886354541815,3755.4766917293236,3427.8480971128606,597.7961432506887,584.1409597104704,567.3333333333333,540.2736842105263,2443.3559510567297,3427.8480971128606,2523.2432432432433,1381.0401861252117,2376.012445644024,2427.808599575693,1667.4886522323895,3323.0429988974643,1777.1757636454681,2086.1755230125523,3181.6333446289395,4008.7886354541815,2643.4030480510587,,1178.045515394913,1127.8838504375497,1624.0919074167934,2027.902790279028,2490.471923324866,4457.676214998391,3755.4766917293236,2378.3773891825945,3391.898281254937,3372.0162934770533,597.7961432506887,1130.9143686502177,1505.0208833200036,1472.5158562367865,1284.0203027916339,1246.0233297985153,843.0340557275542,1253.882979542201,,,,,,,,,,,,,,,,,,,,,,,,,,,2151.9774562342077,793.5065849707727,,,1011.1688976042287,,2147.2303206997085,,,,,,,,,,,,,,,,,,680.6205818534561,,966.260087304683,540.2736842105263,584.1409597104704,660.342212405865,1011.941961723682,,,783.9580209895053,,,,,,,,,1045.169009871373,,,,,,,,,,,,,,,,,,,,,,,,,,611.0770618922645,,,,,,,,,,,,,,,,,,,,,,,,,,,,,,,,,,,,,,,,,,,,,,,,,,,,567.3333333333333,,,,,,1133.181218563907,390.0
1900,1262.2718278458603,3076.919527874648,2892.949563834102,4014.870040279643,1108.8000173403507,637.6155928383968,601.0,6.680316206788092,6.680316206788092,7.134601565859582,4223.527045127504,591.97798309269,4491.814214554731,4298.141263940521,4090.7872916966658,4013.365410318097,622.5494279770868,601.0,599.1775043936731,545.185,2881.807132094425,3731.0500074415836,3016.6106989457244,1668.4803476946336,2875.6862899650228,2984.7592851364275,1785.2701307323211,3423.5705950991833,1937.2260089686094,2560.9652139925734,3833.030303030303,4491.814214554731,3076.919527874648,,1351.0681176944781,1302.1835677276092,1786.27598836583,2361.3861386138615,2892.949563834102,4013.365410318097,4298.141263940521,2911.2662635147517,4090.7872916966658,4014.870040279643,685.0,1223.0,1729.0396969197825,1682.3347832187455,1536.0,1415.0,902.0046536602828,1437.944586085952,1237.3413654618475,,,,,,,,,,,,,,,,,,,,,,,,,,2755.5582970805667,678.4363879003558,1949.4419270145092,973.1518027704311,1365.8411111927685,816.6019436256252,2218.5792349726776,821.1841338038188,1200.2875875778252,,,,,,,,,,,,,,,,778.003120124805,845.1388888888889,1108.8000173403507,545.185,599.1775043936731,742.7127684461705,1179.5133664376574,,,,,,,,,,,,1290.3885480572596,622.5494279770868,,,,,,,,,,,,,,,,,,,,,,,,,637.6155928383968,,,,,,,,,,,,,,,,,,,,,,,,,,,,,,,,,,,,,,,,,,,,,,,,,,,,601.0,,,,,,1262.2718278458603,400.0
1910,1432.0865033551431,3380.4018374932125,2892.949563834102,4916.195520759194,1388.3209978475109,652.4106969584587,659.5074706360627,7.53543058640595,7.53543058640595,7.237660150989995,5025.162871433008,694.3076583591242,5316.307177033493,5209.828571428571,4963.735703429022,4610.780033840948,768.7252430680591,696.587222773916,659.5074706360627,652.4106969584587,3290.3731478681584,4063.866897839424,3705.083275503123,1906.4479344486176,2965.207015330875,3347.647795941735,2331.9758661687583,3788.922661263087,2256.1245805369126,2979.8126261699394,4331.191432396252,4610.780033840948,3380.4018374932125,,,1227.906186267845,1895.105247255514,,2892.949563834102,5209.828571428571,5316.307177033493,4065.761268781302,4963.735703429022,4916.195520759194,780.3203661327232,1455.9734513274336,1990.988909426987,2000.3924646781788,1689.986488515238,1660.0370807348727,1056.9261415874962,1635.9816457001443,,,,,,,,,,,,,,,,,,,,,,,,,,,3821.710489836027,768.7252430680591,2472.277877994568,1161.963190184049,1693.5333333333333,975.0356633380884,3135.985198889917,885.5622576625804,1532.8315146666505,,,,,,,,,,,,,,,,972.4153993016658,,1388.3209978475109,,696.587222773916,833.5062025474007,1303.755260713276,901.0269721250423,,,,,,,,,,,1208.011996572408,,,,,,,,,,,,,,,,,,,,,,,,,,652.4106969584587,,,,,,,,,,,,,,,,,,,,,,,,,,,,,,,,,,,,,,,,,,,,,,,,,,,,659.5074706360627,,,,,,1432.0865033551431,410.0
1920,1601.901178864426,3304.8971439089614,2892.949563834102,5397.0980879634935,1667.841978354671,667.2058010785207,718.0149412721255,8.089105459273924,8.089105459273924,6.945234171789022,5126.768741081586,738.1707533931836,5641.249798549557,5552.327364077806,4765.58417319895,4547.913628500031,932.4786324786324,718.0149412721255,667.2058010785207,634.9836387434556,2412.31045701007,3961.993511652542,3991.989512646515,1845.5298436003832,3226.9209999999994,2795.595625184747,2587.232613175364,4219.902161214953,2779.6747628083494,2801.7763784887675,4314.09585668394,4547.913628500031,3304.8971439089614,,,1229.22541051584,2177.185380557649,2536.357091432685,2892.949563834102,4765.58417319895,5641.249798549557,3861.4762446010454,5552.327364077806,5397.0980879634935,,,1933.1937185477946,1708.8678782039105,,,1031.2349058122686,,,,,,,,,,,,,,,,,,,,,,,,,,,,3473.0686694004016,963.107575536418,2429.6973714196993,1254.9492998551423,1823.0872483221476,1330.5066237688634,2673.960612691466,1172.6913996345952,1634.6761643171658,,1623.8095238095239,,,,932.4786324786324,1272.3857232310584,,1273.611111111111,,1264.0625,,,,,1166.8276784785266,,1667.841978354671,,634.9836387434556,945.2003797256297,1695.7542907305885,1289.137529137529,1009.3188749576414,,958.5117773019272,,,,1110.296191819464,,,,1092.0,,,,,,,,,,,,,,,,,,,,,,,,,,667.2058010785207,,,,,,,,,,,,,,,,,,,,,,,,,,,,,,,,,,,,,,,,,,,,,,,,,,,,718.0149412721255,,,,,,1601.901178864426,420.0
1930,1771.7158543737087,4288.760087825855,4014.474287237669,6027.602668205294,1947.3629588618312,682.0009051985827,776.5224119081882,8.838115348908808,8.838115348908808,8.504915252446976,5850.43729493062,687.888958475791,6245.718341150333,6212.7127066015455,5602.530441400305,5340.7876905703,776.5224119081882,725.615338882283,682.0009051985827,567.4171779141104,3585.715439856374,4978.618251609708,5340.7876905703,2665.633806900551,4531.558399423215,3973.3575072214367,2917.652465610219,5602.530441400305,3712.382258639117,3937.034904583265,6245.718341150333,5440.862468931234,4288.760087825855,2897.164332080629,2258.2270508581328,1570.754716981132,2620.388142461079,3290.794979079498,4014.474287237669,4708.301128458803,4960.12123241795,4810.604500381389,6212.7127066015455,6027.602668205294,,1284.4144511843272,2925.8101833525498,2403.680523815327,1994.2838224591621,1218.8150547175453,1318.4563059623795,,1448.4249075838634,,,,,,,,,,,,,,,,,,,,,,,,,,4079.581956977796,1048.2304575786463,3142.9440315050065,1474.0412547268083,1617.8748180494906,1416.7018207654069,4301.22591943958,3444.475266697665,1913.6450455126983,,1626.0,1505.3427156632786,,,1045.138888888889,1775.8328627893845,,1563.157894736842,,1414.7058823529412,,,,,1361.2399576553876,,1947.3629588618312,567.4171779141104,725.615338882283,1163.8557000462079,1850.3913212778218,1476.2770956495376,1020.0719424460432,,1099.4798439531858,,,,1635.8486290505325,,,,1265.1130190993515,,,,,,,,,,,,,,,,,,,,,1249.2631296891748,,,,,682.0009051985827,,,,,,,,,,,,,,,,,,,,,,,,,,,,,,,,,,,,,,,,,,,,,,,,,,,,776.5224119081882,,,,,,1771.7158543737087,430.0
1940,1941.5305298829915,4984.211685952116,4547.5593879072885,6837.844865786945,2226.8839393689914,696.7960093186447,835.029882544251,9.813266399836683,9.813266399836683,7.978815977358771,6640.676259769741,832.2884346015467,7009.637212844078,6856.004976568655,6396.620918125886,6300.441931540343,1111.0429447852762,835.029882544251,696.7960093186447,686.2849017580145,3959.2143176733784,4561.75641025641,5116.283924843423,3220.415359653867,4042.1678780487805,5402.505906780268,3505.190847954865,4831.359950444869,4087.566094853683,4857.287916928886,6396.620918125886,6856.004976568655,4984.211685952116,3052.062204192022,2222.9395604395604,1615.114006514658,2080.4053267073027,3823.767724510466,4547.5593879072885,6166.139165009941,6300.441931540343,5368.2453798767965,7009.637212844078,6837.844865786945,,1548.0289301290197,,2626.402439954517,,,,,2143.6495381946215,,,,,,,,,,,,,,,,,,,,,,,,,,4161.433830296711,1249.7202899255728,3258.6766028441407,1895.1373082354107,1851.959005541117,1823.281683891589,3660.559796437659,4045.1664096483314,2118.606954454059,,1762.9032258064517,1208.0595707402542,,1356.0421735604218,1111.0429447852762,2742.272727272727,,1160.0,,1372.2891566265062,,1752.4752475247524,,,1555.6522368322485,,2226.8839393689914,,686.2849017580145,1235.226220163876,2874.2901722696556,1587.3379559843233,1442.1194087156844,,1346.9183230332387,,,,1278.064041221936,,,,1250.8966416693838,,,,,,,,,,,,,,,,,,,,,1675.2707479939397,,,,,696.7960093186447,,,,,,,,,,,,,,,,,,,,,,,,,,,,,,,,,,,,,,,,,,,,,,,,,,,,835.029882544251,,,,,,1941.5305298829915,440.0
1950,2111.3452053922747,5018.186706451524,4578.569068058787,9268.434191014525,2506.4049198761513,711.5911134387069,893.5373531803135,13.02494370148267,13.02494370148267,27.17090641346048,8593.043800832167,316.2590040270121,9561.34786006528,9063.698338304219,8455.649239379345,7291.479765579824,348.50665555818307,324.0556033571506,303.3210325065903,289.15272468612466,3706.0748943778744,5462.204473498006,6943.104659330368,4253.28643767617,5271.312336396614,3880.8871812755187,3501.9000106145845,5996.127760374793,5463.188863155663,6739.2310099579345,9063.698338304219,6939.3739900652345,5018.186706451524,3452.8983624129182,1915.007451730287,2086.405495839626,2188.970565937745,3846.1966152161567,4578.569068058787,7411.576424185927,8455.649239379345,7291.479765579824,9561.34786006528,9268.434191014525,1001.3386153623247,1651.031110614852,3500.6371254552423,2479.958154976035,2446.8926873108153,1181.9519614863611,1550.9826246572377,2111.248870408312,2841.45804811279,,,,,,,,,,,,,,,,,,,,,,,,,,4986.724458342974,1671.7226694010403,3821.152213498548,2152.8412932817723,2365.0192837117406,2262.6924336717984,4659.397750965581,7461.959518515249,2700.170747991159,1919.3587338956802,1963.1318758636282,2046.2256497505446,1026.7882946134414,1862.932887827879,1488.8132797195588,2084.893916286289,1050.6195878884937,1313.3563450131232,1326.7848759524757,1615.7884574047562,1915.9620930821443,1584.3661417296153,2143.823264201984,3674.0506329113923,1750.0645160091092,1980.1163918525704,2506.4049198761513,438.7279061474173,619.0027855153203,839.5177308553572,1920.7207207207207,1070.2625266524522,769.7004826542515,817.0493933925926,924.3929740120034,539.5438685444346,395.6863567539187,2218.1493071077334,1559.2653733820407,496.33394754010465,643.019945735464,2218.9609627238037,1252.871163082063,662.2732630703254,644.7561631572954,517.6526769129067,612.9426336596705,435.4220318410389,770.0234607449579,658.0757944250278,1150.5086774386596,691.090387599636,2104.453946658506,1719.610564284404,1363.606289073643,2817.303102928149,1663.1490027834268,28878.13814240521,2428.7394253416155,623.094616585667,30387.13121689191,2230.766033202956,2408.5022909886875,1622.9327657763681,15797.558085147599,911.2310738852693,949.2986011371909,1775.917346159352,711.5911134387069,1364.7395829666857,1051.8219640146228,1083.6280470946328,348.50665555818307,474.31265682472696,360.1424593884632,670.951129173315,449.6476245415064,771.5770558215959,475.50223965389574,560.3052244033098,1289.4492141921503,1040.8779026075442,1499.5815375278542,909.9025845736294,390.0745507391673,3108.3773176667414,607.364675398951,1121.7935498387897,303.3210325065903,289.15272468612466,650.6009470468632,355.36603967980216,1054.758855908288,951.0104714046851,324.0556033571506,456.8752297476327,463.9176730528074,2489.7586873950554,1455.3613551578314,1133.420416551131,2159.704870096796,813.3518466170884,752.6813237615304,1989.3063339026312,546.9020479685626,1258.8983876315187,1912.258165761654,656.2684004233228,1056.633244897725,2534.9459559812576,820.836813919572,721.0890744474776,423.71368929684735,573.9940203819937,1114.5962594351395,686.8541034337666,569.742074194474,660.9100089642086,700.9793733314501,800.6885605767484,893.5373531803135,539.7625044980209,857.168120419638,820.3582789218149,790.1436890930906,800.6885605767484,2111.3452053922747,450.0
1960,2777.334256335963,7607.224129243813,6896.214150950702,10961.082848353792,3132.692581420823,1029.3734393489196,1065.949905114185,10.648305492792483,10.648305492792483,25.836300595960246,10510.323779447426,406.80451678483786,12456.732562476687,11328.475516269904,9465.178817630554,8790.908221412563,438.66198159122393,402.56574541715287,394.1449762695665,391.845363861408,6518.540002556958,6952.0874686084635,8811.831477843265,6230.359400397327,7545.631705714912,7705.233225059704,5916.239023379604,8286.609785826224,7207.840638393584,8687.509148915264,12456.732562476687,8645.23027571985,7607.224129243813,4282.132768361582,3145.6378067357114,2955.835647968838,3071.649933143908,4988.107181710626,6896.214150950702,8790.908221412563,9465.178817630554,8752.507627924268,11328.475516269904,10961.082848353792,1450.9147231802572,2911.712565955613,5108.318511332441,3649.1015883674495,3214.6655576367243,1843.7188046247886,2437.03635891883,3069.7503864144032,3945.3375081934723,,,,,,,,,,,,,,,,,,,,,,,,,,5559.465947070551,2334.8552008157912,4319.774871268283,2496.814494474832,3155.202618660314,3022.5556338737288,4960.155576777115,9645.889496476071,3392.410843910464,1606.2558949678705,2715.497002456688,2051.8811875552315,1302.4959399508832,2288.5191790860235,1763.646568791319,2261.736088700701,1054.598719277694,1397.7987743641245,2653.537477999539,1982.9865116721533,2391.056195048841,1555.3500375483493,3420.6955046649705,6250.965939487607,2054.3724527512154,2700.841622035195,3132.692581420823,672.6835264664878,753.2488479262672,1019.1907951372121,3986.417548782043,1476.185286806495,1105.4650272311244,1078.2273673115192,1492.0832604762534,544.3457121254988,563.6218794764391,3133.678015152993,1530.4040710480508,606.9923404960954,647.4103644959449,2309.88824101069,1299.8044979045828,961.6727396437074,739.410648612079,720.1787639174593,678.974523299695,585.553688673988,1104.9942796843197,799.1146907271044,1373.5996103263517,861.7337529648698,2843.3681269135036,2153.5431246234416,2735.0207888845675,4663.1665645218245,2330.006006263399,28813.49350289377,2392.5221124151376,934.7083836463336,33104.2120599357,3719.096730823886,3023.4679553737315,2247.465209244231,22432.80229402804,963.9419191412345,1377.7048909421742,2492.336674049696,1029.3734393489196,2088.1030858811905,1252.984985025047,978.1159649150053,402.56574541715287,608.7348706263664,444.2356834357522,832.000884090454,507.52026601689795,925.3793711803577,568.648158976933,712.1015623753266,1523.3858332760055,1256.2958674013264,1771.4852327884937,991.455184937412,438.66198159122393,4184.206986200538,721.6518530202578,1378.420029857518,391.845363861408,500.76800324755,725.5171511750693,458.0788820400644,1229.5738583307184,1125.4301145807624,394.1449762695665,534.7899076036115,624.5917985356518,2776.8754883649294,1328.6986512746798,1327.3322143676978,2615.982459164994,939.8514357209247,853.7296193967244,2239.388958870693,656.1079832676551,1444.6390453789054,2366.5239470203846,855.6482670516385,1277.1487139027872,3041.4726678782977,1023.5380325371464,934.597154639953,459.1142046601834,697.6574108526902,1342.610656769464,712.8965713943793,754.6389423689261,959.8028030397329,937.9363853746747,1612.9534924882705,1065.949905114185,746.308438616131,1829.668888229504,867.4668391085596,1047.1204188481674,1612.9534924882705,2777.334256335963,
1970,3736.384238452876,10958.808990873065,10194.61385171923,14560.481844671916,3985.7540465139,1530.0923957239386,1356.9908360419292,10.72997802044259,10.72997802044259,29.161067780890907,14333.839351629078,491.5402775827697,16903.6221477581,15029.846087821626,12716.337824014836,12685.55134692175,541.6261139617948,512.5233141816166,462.6902877028526,449.32139448481496,9747.443648030838,10610.824046981676,12685.55134692175,9576.869279446637,11664.185716817296,10839.145088003876,9718.511174761605,11966.773413973782,10033.048038033872,12716.337824014836,16903.6221477581,10767.471958584987,10958.808990873065,6199.450866072337,6210.645384419945,5472.899758961545,6319.133697454214,7398.818606197029,10194.61385171923,12023.544726133005,11189.33540778982,12050.490515258263,15029.846087821626,14560.481844671916,2003.536581480826,4773.223453572573,6466.339872642831,5027.915450762804,4427.795779053819,2852.907142668206,3754.519676373533,4315.164664216957,5575.010392793678,,,,,,,,,,,,,,,,,,,,,,,,,,7301.966216700366,3056.718909686926,5292.810270267846,3094.2164359319218,4319.645997080672,3807.303983991268,5184.0537402002155,10671.762277378813,4308.755958730484,2176.3749540405015,3753.9116450775937,1917.4162499973663,1561.4701696114753,2845.3106673810107,2186.793388397647,2904.678377388126,906.4228112788184,1601.1718073003149,3848.6727197990317,2811.632783511584,3813.7524999379507,1871.7813617249783,6348.84710374266,8243.979057591623,2587.6535618666976,3859.039190897598,3985.7540465139,783.2546146655018,867.992606284658,1194.4779566371378,9713.948919449902,1764.1316002488466,1953.6614869265843,1694.2713477933696,2980.412261249859,629.10016511079,641.7459169623506,5695.377620611265,2079.152236765982,653.3442719066662,951.5422374748202,4439.126982941007,1509.1542751151853,1419.9832999656205,709.4576032110377,685.1830770519515,747.6665737502597,787.1112536069254,1954.0103143337267,735.026848972428,1796.8867216804201,993.5051532871931,3787.8928744578443,4177.409877993986,3472.706263593048,8100.623187320563,2395.4831171605238,30694.56670350046,2916.6277345578346,3798.535547823696,33160.00161082007,7623.636278628977,3540.306739881936,3078.1873743616256,24552.41148129651,1229.9678342205957,1979.7626415690102,3998.1652117957296,1530.0923957239386,2249.2197132950796,1767.6883901994174,1027.4128471689396,647.2691284568737,702.0539004202775,541.6261139617948,981.8406775741043,618.9589509024773,896.3260488799281,512.5233141816166,1008.8201529766452,1825.1459686522433,1832.752097380542,2069.079324343273,1254.104623803258,591.0675982437693,5869.229842188288,878.8945826119635,1423.972994105523,462.6902877028526,871.5591974640996,912.9115659474583,604.0794544688229,1491.5166855821246,1226.1996839253063,449.32139448481496,587.9353867536322,1058.629378837409,2945.3785752582644,1616.227012230287,1742.8516319676874,3321.4405045387134,971.064598287839,1189.777690911898,3462.6115441304087,716.7669746761385,1435.173578240645,2569.9748132555183,1128.9070824707649,1138.2759891124747,4045.147592300034,888.181194098597,2035.584318624898,566.9056008057707,1075.366917726999,1826.876020646996,868.6070636471795,782.3004980886454,1073.1148552132056,1282.4288389811945,7652.085452695829,1356.9908360419292,1309.002163181541,9114.819109206757,1439.6110333962597,1076.37916549986,7652.085452695829,3736.384238452876,
1980,4519.7544082053555,14056.52577844935,13197.2260180974,18060.16296287559,5412.426128000692,2034.3918234986834,1535.588637173833,11.761068378387023,11.761068378387023,34.118596450152054,17189.88037201159,503.8273012527448,18779.122878756578,18577.36665413365,16175.706391578196,15227.325563577939,577.324612776988,550.9918852919806,547.6912495971139,339.30145734489673,13759.179000595144,14467.441199171306,15227.325563577939,12948.95842377972,15106.123673172155,14114.030434326825,13149.381801964446,14704.500547621197,15128.915562387105,14936.574608930203,18779.122878756578,12931.49128103136,14056.52577844935,8540.723316671567,8971.21650442494,8044.243081265725,9202.509792372886,10435.981624471493,13197.2260180974,14411.839161461148,12346.734381653863,16175.706391578196,18577.36665413365,18060.16296287559,2347.0841213924064,6043.7999070686,7982.0160370616795,6306.455049988236,5739.878092209526,4135.400012577375,6063.293550630506,5785.933433431676,6426.1224029659925,,,,,,,,,,,,,,,,,,,,,,,,,,8205.979887273788,5197.647277204895,5737.841902958052,4264.974084192977,6289.279698885392,4204.7844448820715,6577.390421634528,10139.22774343525,5885.64496976485,2571.996608162244,4910.56593728742,2644.4697101152756,2371.65945069692,4129.285288717289,2353.8176938850015,3680.8974799839452,1303.6798742960652,1929.6335759543554,3121.4064230889853,2154.83350586027,5091.35405176917,3303.740909545021,8182.51721061001,12380.411787846639,3353.5813948187706,4636.950146627566,5412.426128000692,1066.799492476318,938.4418262150222,1869.991185843108,13427.76545926186,2375.5706251697334,4114.101353478124,2554.2594055462873,5869.067789013196,547.6912495971139,822.6707520282091,10502.853982737848,3656.764953410084,636.8337926399115,1160.6198642025356,9057.956004805501,1848.9708279382646,1869.6914102682497,695.820897155843,866.2917746620968,876.0585201018232,1057.5199412889954,2841.0694495719376,757.9260210085888,2210.010396554285,1201.0231982888176,4388.2464012205755,3960.7899419708865,6377.487667612846,10984.255487765851,4479.919352784236,13270.94855305634,3525.5714654565536,4071.913421319034,29552.161783357707,13283.765726224863,6507.873783366706,4015.1103697137296,27709.370931739475,2290.454497261436,2744.2104659422303,5396.626946793031,2034.3918234986834,3142.541979583906,962.4073276562731,1132.537692238205,1737.888698477463,664.9789572944585,626.998736928567,1193.6387692622193,840.5445755816254,770.9923940263753,339.30145734489673,643.4832979425896,2387.9111245550616,2123.114253997456,1661.2588488239314,2069.2899336550095,642.1444899330918,6779.448717134179,1038.784778259025,1157.1752963556971,550.9918852919806,754.1301314526661,1027.6925997359253,1005.3526769696289,1135.7408502571404,1055.371661160973,643.6271040539657,735.9042743597141,1006.4306965300586,4366.749153680399,2272.149739583868,1220.4739893585656,4089.2073761184593,877.0133235624485,1402.3749075463497,3686.0461544931304,951.9664164577771,1301.3667314318845,4274.470370189468,1118.50113824908,1037.0067202525427,4390.036716198205,931.46945353054,2397.238091129241,592.9719317950653,1048.2665190548942,2943.6168354175848,577.324612776988,617.0036942118795,910.5873450621281,1295.4032709769417,6412.925747014871,1535.588637173833,1476.5105914245203,7271.5647239398895,2009.12077048187,1237.0060114151781,6412.925747014871,4519.7544082053555,
1990,5156.66772950687,16872.04493495942,15965.772068289378,22344.91940545087,5052.86245019316,2780.8097496388555,1443.6473077947514,15.478101392772956,15.478101392772956,40.77478298689627,20505.16800836622,502.88846454329223,23200.559941388365,21481.695957229636,18872.38850546588,18466.027629381002,540.0146699047275,526.1266299535165,524.6846177176635,420.7279405972612,16905.183732900274,17196.977524021222,18452.411750815125,16866.371960225664,18092.678013198907,15928.845099962591,16313.12866250758,17262.069182310013,18466.027629381002,17695.267654199015,21481.695957229636,16429.91244180823,16872.04493495942,11817.741291830569,9987.504298381564,10826.399980892276,12054.808890774155,14451.850860418876,15965.772068289378,17105.96433478695,13909.079760590834,18872.38850546588,23200.559941388365,22344.91940545087,2493.7548704950896,5596.901651310294,8512.644063464664,6458.811027279727,5113.408029000253,3510.7667756569867,5778.796854254814,5450.417173201712,6877.811489825383,3736.7366195215445,7350.587698772965,3905.321568424466,11403.872380415969,5249.2250466241685,5778.796854254816,8895.278671720122,7763.059284583941,8512.644063464664,6085.671204997363,4638.576590195502,7184.288366913332,10793.939374676198,7572.518893732409,7319.430116873874,3596.359400845203,9886.181466619308,8645.607863748894,6164.903435764899,7773.00040368225,2978.7310650670083,3626.361521523137,6022.57361687959,4241.06334379247,6877.811489825383,6435.609593812066,4922.863706725847,6401.549571408189,4840.197136948618,6118.578417297606,2955.0802695467605,6473.562075519631,8312.86698802218,5465.21791837251,2197.477905048753,4747.000090843773,2948.0887163509437,2473.7009395484474,3902.8330553395494,2118.675640465548,3008.9813691745653,1040.8627950894584,1870.5589203986572,3608.8084153028094,1453.96154426801,4475.5413424362805,3286.783744124252,10539.42565685867,9270.671051390893,3225.353386542263,4854.843037295412,5052.86245019316,1858.1993243392046,1308.8200238379022,2515.514817459609,18789.132000938993,2223.7123846281575,8704.425109053162,4628.631054655193,9885.962083750164,639.8722002690794,800.338450188743,17540.56244076302,5131.685143524989,807.7015682160611,1596.9609958767182,14364.905736314966,2448.045983643477,2702.419756576819,600.7487766379303,888.2436343887811,929.1163989044406,1332.82799570463,2841.0654799804147,1034.8416704549634,2253.8425710293436,1345.7619957722557,4104.092903555815,3472.0172721126273,2458.43576585929,12967.668040463928,3792.395834035856,6120.883599570684,1937.8718106852707,6478.944417684636,6804.063330127919,9114.735179326253,5700.686536540634,5445.252810074603,13069.563541371916,2272.214740884401,3806.421689541037,4855.773480567517,2780.8097496388555,2917.5331056783575,894.7829877924615,1146.9451939521434,3183.3472385719892,742.3584821387317,733.9633548123417,1231.731027529655,1231.160382976774,707.0034362079218,420.7279405972612,685.2987109857579,2408.2034284530528,1372.1523322682417,1447.739341360547,2522.2943925709224,581.3713515450779,4795.002967574059,866.259153957026,1063.1279286018555,526.1266299535165,797.1319313583067,1090.1923715530024,1201.1355546168095,1025.3693270699787,799.3335242129059,558.4616930657203,734.0633212257447,919.6507443627928,7128.039220983188,2595.888513146744,1115.095042779963,3278.05096840538,562.1044856435972,1160.8961259457622,4510.235925184327,879.7247502838459,1362.7355666783442,4983.727991938888,1025.7383423121917,1083.2850067272732,3966.2066470320497,743.3330056003285,2434.1458453402042,540.0146699047275,757.1124029856951,3337.0537618162184,591.9301237102638,524.6846177176635,816.6954283467213,1355.7148066885213,2831.4710160275054,1443.6473077947514,1564.0188768389442,3087.0870145477165,1389.6679028571905,1373.6598122780842,2831.4710160275054,5156.66772950687,
2000,6012.354771793676,19805.87017888543,19001.518052685897,27065.406884724773,5838.464855919026,3817.481304526442,1463.8047832105344,18.48976529873249,18.48976529873249,64.15002824670086,24425.513015024248,380.7560757587105,28129.232517246288,24364.439402101507,23010.48235943598,22197.89778131323,502.76886560305087,423.57258651523534,378.8447407373807,217.83811017917515,20097.130638113293,20742.457212835692,23010.48235943598,20235.371706860937,20808.371909237652,18595.837497216286,18739.750943431663,21590.793039394015,24364.439402101507,20321.080052275134,22025.173042636758,19817.491438695048,19805.87017888543,22014.83860586734,12043.642392270473,14022.466837947213,15268.861535941014,19401.405709934003,19001.518052685897,21540.369702086453,16010.421591711733,22197.89778131323,28129.232517246288,27065.406884724773,2650.6724806506927,5364.966227993557,8629.581314191491,7137.5000936990455,7214.869172954744,3002.1702171881543,4258.413121985439,5803.724678465411,4350.626939459805,2790.568899078335,6632.080212674932,3296.6489294218322,13457.71643702794,2354.273799895261,4258.413121985439,9046.66867662645,7837.341871864342,8629.581314191491,4318.64501652944,2537.7628219747053,6466.462532648951,10894.38766136373,3054.2651534862375,5040.569879318557,2250.476497418483,6775.67625781417,6442.8533709534695,2127.9025624659475,5156.903667680046,1011.9967730375989,2270.781635794955,2735.640268909583,3407.765355272899,4350.626939459806,8543.557625678015,5556.414714752636,9840.504000416528,5095.795949443193,7218.46227324536,3686.127875427217,7859.153696048737,8414.72852099184,6385.272832220742,2574.755109400414,6173.734516479732,2413.929926565229,3663.1242499423897,3100.5197176614533,2715.5507173114315,3395.631426918692,810.4927955034857,1956.8133518725836,3547.7208221544256,1558.4192143530825,5782.185087744659,3013.8772622429474,14105.741434573767,13598.313343394964,3477.800453563848,5634.03205918619,5838.464855919026,3425.3120616916635,1909.5893428811294,3203.3337285121515,21069.060773480665,2385.3450894832035,14343.051160925952,6335.7346606910705,16641.734274252944,873.3454076716397,1352.7832999299023,21499.18067575278,7871.8255198973375,999.1450531025295,1920.153665983122,22207.181601842127,3644.968507282894,3793.9443364917447,521.7700922912718,1087.2792112584796,1173.2108489080863,1084.6516599476706,1169.1782981660576,1790.0194634113925,2658.4263444331705,1467.192645039973,5065.151536655329,4741.92659707609,1221.223660639532,16158.963339719921,4058.7656775025785,10210.420496439958,3409.132831531041,6892.743277877972,8041.8223115907285,8002.041091913339,7481.329028161327,6597.257845101558,16559.926691100154,2587.5889328153694,5124.095876075107,5705.710968981852,3817.481304526442,2792.4995761192795,788.6600339347849,1322.7249845840238,4347.994186617685,852.5730216699191,574.7448788298248,1114.6845286614475,1776.5352827880392,646.8676611578675,423.57258651523534,580.9128630705395,2214.291917781109,1326.2655477091603,1102.543509848615,2920.1058498724387,624.477029144637,3886.5420814464833,895.310154748216,1279.5475374745504,571.5135388768642,680.6132403526984,1019.6555717895293,1644.5863155447455,846.9358040443964,705.8988014810849,679.4443528361513,842.0700878721374,1016.9203095066119,10652.315477442156,2657.5615780309304,1432.1213625419482,3795.1484959307973,502.76886560305087,1155.7048484419613,4588.492150460375,830.0130336085052,1433.1085690632722,6353.528477422283,378.8447407373807,863.0748323104885,4139.3018332711745,991.2538304792608,2605.824226934349,523.9939258875239,575.0297598763943,4538.2232496876495,788.1367333388009,217.83811017917515,666.3245064641845,1280.4929487543504,2665.4809258068026,1463.8047832105344,7956.323516387117,2322.1808443049977,1225.8964367693877,1384.5799454009891,2665.4809258068026,6012.354771793676,
