Year,"[1] GDP; Source: T  1.7.5, 1","[1] Less: SD (Stat. Discrepancy); Source: T  1.7.5, 15","[1] GDI; Source: T 1.10, 1","[1] Less: EC (Empl. Comp., Paid); Source: T  1.10, 2","[1] Less: T (Taxes net of Subsidies); Source: T  1.10, 9 - 10",[1] Aggregate GOS,"[1] Less: CFC (Cons. of Fixed Capital); Source: T  1.10, 23","[1] Aggregate NOS; Source: T  1.10, 11","[1] Net interest and miscellaneous payments, domestic industries; Source: T  1.10, 13","[1] Business current transfer payments (net); Source: T  1.10, 14","[1] Proprietors' income with inventory valuation and capital consumption adjustments; Source: T  1.10, 15","[1] Rental income of persons with capital consumption adjustment; Source: T  1.10, 16","[1] Corporate profits with inventory valuation and capital consumption adjustments, domestic industries; Source: T  1.10, 17","[1] Current surplus of government enterprises; Source: T  1.10, 22","[2] GVAhh; Source: T  1.3.5, 6",[2] Less: EChh; Source: GVAhh - GVAooh,"[2] Less: Thh; Source: T  7.12, 135-136",[2] GOShh,"[2] Less: CFChh; Source: T  7.12, 140",[2] NOShh,"[2] Net interest; Source: T  7.12, 137","[2] Current transfer payments; Source: T  7.12, 138","[2] Rental income of persons with capital consumption adjustment; Source: T  7.12, 139","[3] GVAnpish; Source: T  1.3.5, 7","[3] Less: ECnpish; Source: T1.3.5, 7 - T7.12, 141 - T7.9, 14","[3] Less: Tnpish; Source: T  7.12, 141",[3] GOSnpish,"[3] Less: CFCnpish; Source: T  7.12, 144",[3] NOSnpish,"[3] Net Interest; Source: T 7.12, 141",[3] Transfer Payments; Source: n.a.,"[3] Rental inc of persons for tenant-occupied housing owned by npishes; Source: T 7.9,14","[4] GVAgengov; Source: T  1.3.5, 8","[4] Less: ECgengov; Source: T 6.2A-D, 77, 78, 88 + 80, 83, 93 in successive tables",[4] GOSgengov,"[4] Less: CFCgengov; Source: T  7.5, 22",[4] NOSgengov; Source: NOSgov = 0 by construction,[5] GVAgoventerp,"[5] Less: ECgoventerp; Source: T 6.2A-D, 16 + 19, divided by 1000",[5] Less: Tgoventerp,[5] GOSgoventerp,"[5] Less: CFCgoventerp; Source: T  7.5, 25","[5] NOSgoventerp (current surplus of government enterprises); Source: T 1.10, 22",[6] GVAbusnipa; Source: GDP - GVAhh - GVAnpish - GVAgengov - GVAgoventerp,[6] SD,[6] Less: ECbusnipa; Source: EC - EChh - ECnpish - ECgengov - ECgoventerp,[6] Less: Tbusnipa; Source: T - Thh - Tnpish - Tgengov -Tgoventerp,[6] GOSbusnipa; Source: GVAbus - ECbus - Tbus - SD,[6] Less: CFCbusnipa; Source: CFC - CFChh - CFCnpish - CFCgengov - CFCgoventerp,[6] NOSbusnipa; Source: GOSbus - CFCbus,[6] Net interest and miscellaneous payments (NIbus); Source: NI - NIhh - NInpish - NIgengov - NIgoventerp,[6] Current transfer payments (net) (CTbus); Source: CT - CThh - CTnpish - CTgengov - CTgoventerp,[6] Proprietors' income with inventory valuation and capital consumption adjustments (PIbus),[6] Rental income of persons with capital consumption adjustment (RIbus); Source: RI - RIhh - RInpish - RIgengov - RIgoventerp,"[6] Corp Profit with inventory valuation and capital consumption adjustments, domestic industries","BEA extension for GDP, pulled via pull_bea_ch06.py","BEA extension for SD, pulled via pull_bea_ch06.py","BEA extension for GDI, pulled via pull_bea_ch06.py","BEA extension for EC, pulled via pull_bea_ch06.py","BEA extension for T, pulled via pull_bea_ch06.py","BEA extension for GOS, pulled via pull_bea_ch06.py","BEA extension for CFC, pulled via pull_bea_ch06.py","BEA extension for NOS, pulled via pull_bea_ch06.py","BEA extension for NetInt, pulled via pull_bea_ch06.py","BEA extension for BusTransfer, pulled via pull_bea_ch06.py","BEA extension for PropInc, pulled via pull_bea_ch06.py","BEA extension for RentalInc, pulled via pull_bea_ch06.py","BEA extension for CorpProfit, pulled via pull_bea_ch06.py","BEA extension for GovSurplus, pulled via pull_bea_ch06.py",Spliced Shaikh Aggregate NOS (1947-2011) + BEA T1.10 line 11 (post-2011),Spliced Shaikh Business NOS NIPA (1947-2011) + BEA-derived (post-2011). NOSbus = NOS - NOShh - NOSnpish - NOSgov - NOSgoventerp.
,S206A,S206B,S206C,S206D,S206E,S206F,S206G,S206H,S206I,S206J,S206K,S206L,S206M,S206N,S206O,S206P,S206Q,S206R,S206S,S206T,S206U,S206V,S206W,S206X,S206Y,S206Z,S206AA,S206AB,S206AC,S206AD,S206AE,S206AF,S206AG,S206AH,S206AI,S206AJ,S206AK,S206AL,S206AM,S206AN,S206AO,S206AP,S206AQ,S206AR,S206AS,S206AT,S206AU,S206AV,S206AW,S206AX,S206AY,S206AZ,S206BA,S206BB,S206BC,S206A_EXT,S206B_EXT,S206C_EXT,S206D_EXT,S206E_EXT,S206F_EXT,S206G_EXT,S206H_EXT,S206I_EXT,S206J_EXT,S206K_EXT,S206L_EXT,S206M_EXT,S206N_EXT,S206H_COMBINED,S206AW_COMBINED
1947,244.1,2.3,241.79999999999998,130.0,17.900000000000002,93.89999999999998,26.6,67.29999999999998,2.4,0.7,34.5,7.2,22.5,0.0,9.7,2.3999999999999995,1.3,6.0,2.0,4.0,1.1,0.0,3.0,3.5,2.9,0.1,0.5000000000000001,0.4,0.10000000000000009,0.1,0.0,0.0,27.8,17.643,10.157,10.2,0.0,2.365,1.965,0.0,0.4,0.4,0.0,200.73499999999999,2.3,105.09199999999998,16.5,76.84299999999998,13.600000000000003,63.19999999999998,1.1999999999999997,0.7,34.5,4.2,22.5,,,,,,,,,,,,,,,67.3,
1948,269.1,-0.5,269.6,141.9,19.4,108.30000000000001,28.5,79.80000000000001,2.5,0.7,39.2,7.8,29.6,0.0,10.6,2.299999999999999,1.4,6.9,2.3,4.6000000000000005,1.3,0.0,3.2,4.0,3.3,0.1,0.6000000000000002,0.5,0.1000000000000002,0.1,0.0,0.0,27.2,18.077,9.122999999999998,9.1,0.0,2.767,2.267,0.0,0.5,0.5,0.0,224.53300000000002,-0.5,115.95599999999999,17.9,91.17700000000002,16.1,75.10000000000002,1.0999999999999999,0.7,39.2,4.6,29.6,,,,,,,,,,,,,,,79.8,
1949,267.2,1.8,265.4,141.8,20.599999999999998,102.99999999999997,29.2,73.79999999999997,2.8,0.7,34.6,8.1,27.6,0.0,11.6,2.4000000000000004,1.6,7.6,2.5,5.1,1.4,0.0,3.6,4.4,3.7,0.1,0.6000000000000002,0.5,0.1000000000000002,0.1,0.0,0.0,28.3,20.121,8.179000000000002,8.2,0.0,3.012,2.512,0.0,0.5,0.5,0.0,219.88799999999998,1.8,113.06700000000002,18.899999999999995,86.12099999999998,17.5,68.59999999999998,1.2999999999999998,0.7,34.6,4.5,27.6,,,,,,,,,,,,,,,73.8,
1950,293.7,1.4,292.3,155.2,22.4,114.70000000000002,29.9,84.80000000000001,3.1,0.9,37.5,9.1,34.4,0.0,13.0,2.5999999999999996,1.8,8.6,2.8,5.8,1.6,0.0,4.3,4.8,4.0,0.1,0.6999999999999998,0.6,0.09999999999999987,0.1,0.0,0.0,28.6,21.24,7.360000000000003,7.4,0.0,3.14,2.64,0.0,0.5,0.5,0.0,244.16,1.4,124.72,20.499999999999996,97.54000000000002,18.599999999999994,78.90000000000002,1.4,0.9,37.5,4.8,34.4,,,,,,,,,,,,,,,84.8,
1951,339.3,3.6,335.7,181.4,24.0,130.29999999999998,33.8,96.49999999999999,3.5,1.2,42.7,10.0,39.1,0.0,14.6,2.5999999999999996,2.0,10.0,3.2,6.8,1.9,0.0,4.9,5.3,4.3999999999999995,0.1,0.8000000000000004,0.7,0.10000000000000042,0.1,0.0,0.0,35.8,27.741,8.058999999999997,8.0,0.0,3.545,2.945,0.0,0.6,0.6,0.0,280.05499999999995,3.6,143.714,21.9,110.841,21.299999999999997,89.6,1.5,1.2,42.7,5.1,39.1,,,,,,,,,,,,,,,96.5,
1952,358.3,2.7,355.6,196.2,26.700000000000003,132.70000000000005,36.3,96.40000000000005,4.0,1.3,43.1,11.2,37.0,0.0,16.4,2.5999999999999996,2.2,11.599999999999998,3.4,8.199999999999998,2.2,0.0,5.9,5.7,4.7,0.2,0.8,0.7,0.10000000000000009,0.1,0.0,0.0,40.4,31.527,8.872999999999998,8.9,0.0,4.032,3.432,0.0,0.6,0.6,0.0,291.7680000000001,2.7,153.941,24.300000000000004,110.82700000000006,22.699999999999996,88.10000000000005,1.6999999999999997,1.3,43.1,5.299999999999999,37.0,,,,,,,,,,,,,,,96.4,
1953,379.3,4.0,375.3,210.2,29.0,136.10000000000002,38.6,97.50000000000003,4.6,1.2,42.0,12.4,37.3,0.0,18.3,2.700000000000001,2.5,13.1,3.7,9.399999999999999,2.5,0.0,7.0,6.3,5.3,0.2,0.8,0.8,0.0,0.1,0.0,0.0,42.2,32.409,9.791000000000004,9.7,0.0,4.151,3.451,0.0,0.7,0.7,0.0,308.349,4.0,166.34,26.3,111.70900000000002,23.700000000000003,88.10000000000002,1.9999999999999996,1.2,42.0,5.4,37.3,,,,,,,,,,,,,,,97.5,
1954,380.4,3.1,377.29999999999995,209.2,29.0,139.09999999999997,40.6,98.49999999999997,5.4,1.0,42.3,13.4,36.4,0.0,20.0,2.6000000000000014,2.7,14.7,3.9,10.799999999999999,2.9,0.0,8.0,6.8,5.699999999999999,0.2,0.9000000000000006,0.8,0.10000000000000053,0.1,0.0,0.0,43.5,33.044,10.456000000000003,10.4,0.0,4.198,3.498,0.0,0.7,0.7,0.0,305.902,3.1,164.358,26.1,112.34399999999995,24.800000000000008,87.59999999999998,2.4000000000000004,1.0,42.3,5.4,36.4,,,,,,,,,,,,,,,98.5,
1955,414.7,2.4,412.3,225.8,31.7,154.8,42.8,112.00000000000001,6.1,1.4,44.3,13.8,46.6,0.0,22.0,3.0,3.1,15.9,4.2,11.7,3.3,0.0,8.4,7.4,6.2,0.2,1.0000000000000002,0.9,0.1000000000000002,0.1,0.0,0.0,45.8,34.796,11.003999999999998,11.0,0.0,4.552,3.752,0.0,0.8,0.8,0.0,334.948,2.4,178.05200000000002,28.4,126.09600000000002,25.899999999999995,100.20000000000002,2.6999999999999997,1.4,44.3,5.4,46.6,,,,,,,,,,,,,,,112.0,
1956,437.4,-1.8,439.2,244.6,33.800000000000004,160.79999999999998,47.1,113.69999999999999,6.8,1.7,45.9,14.1,45.2,0.0,23.9,3.299999999999997,3.6,17.0,4.5,12.5,3.9,0.0,8.6,8.1,6.8,0.2,1.0999999999999999,1.0,0.09999999999999987,0.1,0.0,0.0,49.1,37.224,11.876000000000005,11.9,0.0,4.8340000000000005,3.934,0.0,0.9,0.9,0.0,351.46599999999995,-1.8,193.342,30.000000000000004,129.92399999999998,28.800000000000004,101.1,2.8,1.7,45.9,5.5,45.2,,,,,,,,,,,,,,,113.7,
1957,461.1,-0.1,461.20000000000005,257.6,35.9,167.70000000000002,50.8,116.90000000000002,8.0,1.9,47.8,14.5,44.5,0.0,25.8,3.400000000000002,4.0,18.4,4.8,13.599999999999998,4.6,0.0,9.1,8.9,7.5,0.2,1.2000000000000004,1.1,0.10000000000000031,0.1,0.0,0.0,52.4,39.783,12.616999999999997,12.7,0.0,5.07,4.17,0.0,0.9,0.9,0.0,368.93000000000006,-0.1,202.74700000000004,31.7,134.58300000000003,31.300000000000004,103.20000000000003,3.3000000000000003,1.9,47.8,5.4,44.5,,,,,,,,,,,,,,,116.9,
1958,467.2,1.0,466.2,259.6,36.800000000000004,169.79999999999995,53.3,116.49999999999996,9.4,1.8,50.2,15.2,39.9,0.0,27.8,3.400000000000002,4.5,19.9,5.0,14.899999999999999,5.2,0.0,9.6,9.7,8.2,0.3,1.2,1.2,0.0,0.1,0.0,0.0,55.8,42.903,12.896999999999998,12.9,0.0,5.629,4.629,0.0,1.0,1.0,0.0,368.27099999999996,1.0,200.46800000000007,32.00000000000001,134.80299999999997,33.199999999999996,101.59999999999997,4.1000000000000005,1.8,50.2,5.6,39.9,,,,,,,,,,,,,,,116.5,
1959,506.6,0.5,506.1,281.1,40.0,185.0,55.4,129.6,9.5,1.8,50.3,16.0,51.1,1.0,30.1,3.6000000000000014,4.8,21.7,5.2,16.5,5.9,0.0,10.5,10.6,9.0,0.3,1.2999999999999996,1.2,0.09999999999999964,0.1,0.0,0.0,58.3,44.861,13.439,13.4,0.0,7.008,5.008,0.0,2.0,1.0,1.0,400.592,0.5,218.631,34.900000000000006,146.561,34.599999999999994,112.0,3.4999999999999996,1.8,50.3,5.5,51.1,,,,,,,,,,,,,,,129.6,
1960,526.4,-1.0,527.4,296.6,43.4,187.39999999999995,56.6,130.79999999999995,10.4,1.9,50.7,17.0,50.0,0.9,32.6,3.8000000000000043,5.3,23.499999999999996,5.5,17.999999999999996,6.6,0.0,11.5,12.0,10.3,0.3,1.3999999999999992,1.3,0.0999999999999992,0.1,0.0,0.0,62.0,48.074,13.926000000000002,13.9,0.0,7.459,5.459,0.0,2.0,1.1,0.9,412.34099999999995,-1.0,228.96699999999998,37.800000000000004,146.57399999999996,34.800000000000004,111.79999999999995,3.7000000000000006,1.9,50.7,5.5,50.0,,,,,,,,,,,,,,,130.8,
1961,544.8,-0.6,545.4,305.4,45.0,195.0,58.2,136.8,12.1,2.0,53.2,17.7,50.9,0.8,34.6,3.700000000000003,5.9,25.0,5.6,19.4,7.2,-0.1,12.2,12.8,11.0,0.3,1.5000000000000007,1.4,0.10000000000000075,0.1,0.0,0.0,66.0,51.591,14.408999999999999,14.4,0.0,7.713,5.713,0.0,2.0,1.2,0.8,423.6869999999999,-0.6,233.396,38.800000000000004,152.091,35.6,116.50000000000001,4.8,2.1,53.2,5.5,50.9,,,,,,,,,,,,,,,136.8,
1962,585.7,0.3,585.4000000000001,327.2,48.1,210.1000000000001,60.6,149.5000000000001,13.8,2.2,55.3,18.6,58.6,0.9,37.0,3.8000000000000043,6.4,26.799999999999997,5.8,20.999999999999996,8.1,-0.1,13.0,14.0,12.1,0.4,1.5000000000000004,1.5,0.0,0.1,0.0,0.0,70.7,55.454,15.246000000000002,15.2,0.0,8.21,6.11,0.0,2.1,1.2,0.9,455.7900000000001,0.3,249.73599999999993,41.300000000000004,164.45400000000012,36.900000000000006,127.60000000000011,5.600000000000001,2.3000000000000003,55.3,5.600000000000001,58.6,,,,,,,,,,,,,,,149.5,
1963,617.8,-0.8,618.5999999999999,345.3,51.199999999999996,222.0999999999999,63.3,158.7999999999999,14.7,2.7,56.5,19.3,64.3,1.4,39.1,3.799999999999997,7.0,28.300000000000004,6.0,22.300000000000004,8.8,-0.1,13.5,15.2,13.1,0.4,1.6999999999999997,1.6,0.09999999999999964,0.1,0.0,0.0,75.5,59.34,16.159999999999997,16.1,0.0,9.280000000000001,6.58,0.0,2.7,1.3,1.4,478.7199999999999,-0.8,262.47999999999996,43.8,173.23999999999992,38.3,134.9999999999999,5.799999999999999,2.8000000000000003,56.5,5.800000000000001,64.3,,,,,,,,,,,,,,,158.8,
1964,663.6,0.8,662.8000000000001,370.7,54.599999999999994,237.50000000000009,66.4,171.10000000000008,16.9,3.1,59.4,19.4,71.1,1.3,41.2,3.9000000000000057,7.7,29.599999999999998,6.3,23.299999999999997,9.8,-0.1,13.6,16.5,14.2,0.4,1.9000000000000008,1.7,0.20000000000000084,0.2,0.0,0.0,81.1,64.408,16.691999999999993,16.7,0.0,9.797,7.097,0.0,2.7,1.4,1.3,515.0029999999999,0.8,281.09499999999997,46.49999999999999,186.60800000000012,40.300000000000004,146.30000000000007,6.899999999999998,3.2,59.4,5.799999999999999,71.1,,,,,,,,,,,,,,,171.1,
1965,719.1,1.5,717.6,399.5,57.7,260.40000000000003,70.7,189.70000000000005,19.1,3.6,63.9,19.9,81.8,1.3,43.6,3.8999999999999986,8.3,31.400000000000002,6.8,24.6,10.7,-0.1,13.9,18.2,15.6,0.5,2.0999999999999996,1.8,0.2999999999999996,0.2,0.0,0.0,86.6,69.28,17.319999999999993,17.4,0.0,10.423,7.623,0.0,2.8,1.5,1.3,560.2769999999999,1.5,303.09700000000004,48.900000000000006,206.78000000000003,43.20000000000001,163.50000000000003,8.200000000000003,3.7,63.9,5.999999999999998,81.8,,,,,,,,,,,,,,,189.7,
1966,787.7,6.2,781.5,442.6,59.300000000000004,279.59999999999997,76.5,203.09999999999997,21.9,3.5,68.2,20.5,88.0,1.0,46.2,4.000000000000007,9.0,33.199999999999996,7.3,25.899999999999995,11.5,0.0,14.4,20.4,17.599999999999998,0.5,2.3000000000000007,2.0,0.3000000000000007,0.3,0.0,0.0,96.8,78.419,18.381,18.3,0.0,10.875,8.275,0.0,2.6,1.6,1.0,613.4250000000001,6.2,334.30600000000004,49.800000000000004,223.11899999999997,47.300000000000004,175.89999999999995,10.099999999999998,3.5,68.2,6.1,88.0,,,,,,,,,,,,,,,203.1,
1967,832.4,4.5,827.9,475.1,64.10000000000001,288.69999999999993,82.9,205.79999999999993,24.9,3.8,69.8,20.9,85.4,0.9,49.1,4.200000000000003,10.1,34.8,7.8,26.999999999999996,12.2,0.0,14.9,22.7,19.5,0.6,2.599999999999999,2.2,0.399999999999999,0.4,0.0,0.0,107.0,87.405,19.595,19.6,0.0,11.533000000000001,8.833,0.0,2.7,1.8,0.9,642.0669999999999,4.5,355.162,53.400000000000006,229.00499999999994,51.50000000000001,177.49999999999991,12.299999999999999,3.8,69.8,5.999999999999998,85.4,,,,,,,,,,,,,,,205.8,
1968,909.8,4.3,905.5,524.3,72.2,309.00000000000006,90.4,218.60000000000005,26.7,4.3,74.2,20.6,91.6,1.2,51.9,4.399999999999999,11.4,36.1,8.5,27.6,13.1,0.0,14.5,25.6,22.1,0.6,2.9,2.4,0.5,0.5,0.0,0.0,118.8,97.801,20.998999999999995,21.0,0.0,13.148,9.948,0.0,3.2,2.0,1.2,700.352,4.3,390.051,60.2,245.80100000000007,56.5,189.30000000000007,13.1,4.3,74.2,6.100000000000001,91.6,,,,,,,,,,,,,,,218.6,
1969,984.4,2.9,981.5,577.6,79.4,324.5,99.2,225.3,33.2,4.9,77.5,20.9,87.9,1.0,56.0,4.399999999999999,12.7,38.900000000000006,9.5,29.400000000000006,14.5,0.0,14.9,29.4,25.4,0.7,3.3,2.7,0.5999999999999996,0.6,0.0,0.0,130.0,107.461,22.539,22.5,0.0,14.176000000000002,10.976,0.0,3.2,2.2,1.0,754.824,2.9,429.36300000000006,66.0,256.56100000000004,62.3,194.3,18.1,4.9,77.5,5.999999999999998,87.9,,,,,,,,,,,,,,,225.3,
1970,1038.3,6.9,1031.3999999999999,617.2,86.60000000000001,327.5999999999998,108.3,219.29999999999978,39.9,4.5,78.5,21.1,75.4,0.0,59.8,4.5,14.4,40.9,10.1,30.799999999999997,15.9,0.0,14.8,32.8,28.299999999999997,0.8,3.7,3.0,0.7000000000000002,0.7,0.0,0.0,143.5,119.393,24.107,24.1,0.0,15.318,12.818,0.0,2.5,2.5,0.0,786.8820000000001,6.9,452.1890000000001,71.4,256.3929999999998,68.6,187.79999999999978,23.3,4.5,78.5,6.300000000000001,75.4,,,,,,,,,,,,,,,219.3,
1971,1126.8,11.0,1115.8,658.9,95.8,361.09999999999997,117.8,243.29999999999995,44.2,4.3,84.7,22.2,88.2,-0.2,65.5,4.5,15.8,45.2,11.1,34.1,18.2,0.1,15.8,36.7,31.6,0.9,4.200000000000001,3.3,0.9000000000000012,0.8,0.0,0.1,156.4,130.895,25.504999999999995,25.5,0.0,16.644,14.044,0.0,2.5999999999999996,2.8,-0.2,851.5559999999999,11.0,477.861,79.1,283.59499999999997,75.10000000000001,208.49999999999994,25.200000000000003,4.2,84.7,6.299999999999999,88.2,,,,,,,,,,,,,,,243.3,
1972,1237.9,8.9,1229.0,725.1,101.30000000000001,402.59999999999997,127.2,275.4,48.9,4.9,96.0,23.1,101.9,0.5,70.8,4.599999999999994,17.1,49.1,12.3,36.8,21.0,0.2,15.7,40.5,34.699999999999996,1.0,4.800000000000004,3.7,1.100000000000004,0.8,0.0,0.2,169.4,143.077,26.323000000000008,26.3,0.0,18.809,15.209,0.0,3.6,3.1,0.5,938.3910000000002,8.9,527.514,83.20000000000002,318.77699999999993,81.80000000000001,236.99999999999997,27.099999999999998,4.7,96.0,7.200000000000002,101.9,,,,,,,,,,,,,,,275.4,
1973,1382.3,8.0,1374.3,811.2,112.0,451.0999999999999,140.8,310.2999999999999,57.5,6.0,113.6,23.9,109.6,-0.4,76.5,4.799999999999997,18.5,53.2,13.9,39.300000000000004,24.0,0.1,15.1,45.2,38.800000000000004,1.0,5.399999999999999,4.3,1.0999999999999988,0.9,0.0,0.1,183.2,155.418,27.781999999999982,27.8,0.0,19.867,16.767,0.0,3.1,3.5,-0.4,1057.533,8.0,595.4150000000001,92.5,361.61799999999994,91.30000000000001,270.29999999999984,32.6,5.9,113.6,8.7,109.6,,,,,,,,,,,,,,,310.3,
1974,1499.5,9.8,1489.7,890.3,121.60000000000001,477.80000000000007,163.7,314.1000000000001,72.7,7.1,113.5,24.0,97.7,-0.9,83.0,4.6000000000000085,19.8,58.599999999999994,16.0,42.599999999999994,27.5,-0.3,15.5,50.6,43.2,1.1,6.299999999999999,5.1,1.1999999999999993,1.1,0.0,0.1,201.3,169.739,31.561000000000007,31.6,0.0,22.700999999999997,19.301,0.0,3.4,4.3,-0.9,1141.8990000000001,9.8,653.4599999999998,100.70000000000002,377.9390000000001,106.7,271.2000000000001,44.1,7.3999999999999995,113.5,8.4,97.7,,,,,,,,,,,,,,,314.1,
1975,1637.7,16.3,1621.4,949.2,130.8,541.4000000000001,190.4,351.0000000000001,83.2,9.4,119.6,23.4,118.7,-3.2,90.8,4.699999999999989,21.8,64.30000000000001,17.9,46.40000000000001,32.1,-0.2,14.6,56.7,48.0,1.1,7.600000000000003,6.0,1.6000000000000032,1.4,0.0,0.1,224.5,189.598,34.90199999999999,34.9,0.0,24.124,22.224,0.0,1.8999999999999995,5.1,-3.2,1241.576,16.3,684.678,107.90000000000002,432.6980000000001,126.5,306.20000000000005,49.7,9.6,119.6,8.7,118.7,,,,,,,,,,,,,,,351.0,
1976,1824.6,23.5,1801.1,1059.4,141.3,600.3999999999999,208.2,392.1999999999999,85.2,9.5,132.2,22.1,145.1,-1.8,98.7,5.3999999999999915,24.1,69.20000000000002,19.7,49.500000000000014,36.1,0.1,13.3,61.8,52.4,1.2,8.2,6.6,1.5999999999999996,1.4,0.0,0.1,243.5,206.353,37.14699999999999,37.1,0.0,27.747999999999998,24.048,0.0,3.7,5.5,-1.8,1392.8519999999999,23.5,771.1990000000001,116.00000000000001,482.1529999999998,139.3,342.89999999999986,47.7,9.4,132.2,8.700000000000001,145.1,,,,,,,,,,,,,,,392.2,
1977,2030.1,21.2,2008.8999999999999,1180.6,152.6,675.6999999999999,231.8,443.8999999999999,99.8,8.5,146.0,19.6,172.7,-2.7,107.9,5.900000000000006,26.5,75.5,22.5,53.0,42.6,0.4,9.9,67.6,57.29999999999999,1.3,9.000000000000004,7.3,1.7000000000000037,1.5,0.0,0.2,264.6,224.995,39.60500000000002,39.6,0.0,29.237000000000002,25.937,0.0,3.3,6.0,-2.7,1560.763,21.2,866.4679999999998,124.8,548.295,156.4,391.8999999999999,55.699999999999996,8.1,146.0,9.500000000000002,172.7,,,,,,,,,,,,,,,443.9,
1978,2293.8,26.1,2267.7000000000003,1335.6,162.0,770.1000000000004,261.4,508.7000000000004,116.2,10.8,167.5,20.9,195.6,-2.2,121.3,6.499999999999986,27.099999999999998,87.70000000000002,26.3,61.40000000000002,50.3,0.5,10.5,75.6,63.999999999999986,1.3,10.300000000000008,8.2,2.1000000000000085,1.9,0.0,0.2,287.5,244.672,42.828,42.8,0.0,32.833,28.333,0.0,4.5,6.7,-2.2,1776.567,26.1,992.0949999999999,133.6,624.7720000000004,177.39999999999998,447.4000000000003,64.0,10.3,167.5,10.2,195.6,,,,,,,,,,,,,,,508.7,
1979,2562.2,47.0,2515.2,1498.4,171.6,845.1999999999997,298.9,546.2999999999997,141.5,13.3,181.1,22.6,190.7,-2.9,136.0,6.400000000000006,28.0,101.6,30.5,71.1,60.2,-0.1,11.0,84.8,71.69999999999999,1.3,11.800000000000008,9.3,2.500000000000007,2.3,0.0,0.2,313.0,266.104,46.896000000000015,46.9,0.0,36.082,31.382,0.0,4.699999999999999,7.6,-2.9,1992.3179999999995,47.0,1122.8139999999999,142.29999999999998,680.2039999999997,204.59999999999997,475.5999999999997,79.0,13.4,181.1,11.400000000000002,190.7,,,,,,,,,,,,,,,546.3,
1980,2788.1,45.3,2742.7999999999997,1647.7,190.5,904.5999999999997,344.1,560.4999999999997,183.0,14.7,173.5,28.5,166.0,-5.1,156.5,6.0,30.5,120.0,35.0,85.0,71.5,-0.3,13.8,97.0,81.69999999999999,1.3,14.00000000000001,10.6,3.400000000000011,3.0,0.0,0.4,348.5,295.502,52.99799999999999,53.0,0.0,39.484,35.784,0.0,3.700000000000001,8.8,-5.1,2146.616,45.3,1228.714,158.7,713.9019999999996,236.7,477.19999999999965,108.5,15.0,173.5,14.299999999999999,166.0,,,,,,,,,,,,,,,560.5,
1981,3126.8,36.6,3090.2000000000003,1819.8,224.1,1046.3000000000004,393.3,653.0000000000005,228.9,17.9,181.6,36.5,193.6,-5.6,177.8,6.099999999999994,33.699999999999996,138.00000000000003,38.8,99.20000000000003,83.3,0.2,15.7,109.7,92.0,1.5,16.200000000000003,11.8,4.400000000000002,3.7,0.0,0.6,385.3,325.184,60.115999999999985,60.1,0.0,45.021,40.621,0.0,4.4,10.0,-5.6,2408.979,36.6,1355.895,188.9,827.5840000000004,272.59999999999997,555.0000000000005,141.90000000000003,17.7,181.6,20.2,193.6,,,,,,,,,,,,,,,653.0,
1982,3253.2,4.8,3248.3999999999996,1919.8,225.9,1102.6999999999996,433.5,669.1999999999996,267.0,20.6,174.8,38.1,173.1,-4.5,196.7,6.299999999999983,36.7,153.7,41.4,112.29999999999998,99.3,0.0,13.0,122.7,102.60000000000001,1.7,18.399999999999995,12.9,5.499999999999995,4.8,0.0,0.8,419.0,352.719,66.281,66.2,0.0,49.196999999999996,42.797,0.0,6.4,10.9,-4.5,2465.603,4.8,1415.384,187.5,857.9189999999995,302.1000000000001,555.8999999999996,162.89999999999998,20.6,174.8,24.3,173.1,,,,,,,,,,,,,,,669.2,
1983,3534.6,49.7,3484.9,2035.7,242.0,1207.2,451.1,756.1,283.1,22.6,190.7,38.2,224.8,-3.2,212.5,6.199999999999989,39.2,167.10000000000002,43.0,124.10000000000002,112.7,-0.1,11.4,135.6,113.3,1.8,20.499999999999996,13.6,6.899999999999997,5.9,0.0,1.0,445.4,375.28,70.12,70.1,0.0,54.274,45.974,0.0,8.3,11.5,-3.2,2686.826,49.7,1494.9460000000001,201.0,941.18,312.9,628.3000000000001,164.50000000000003,22.700000000000003,190.7,25.800000000000004,224.8,,,,,,,,,,,,,,,756.1,
1984,3930.9,31.5,3899.4,2245.7,268.7,1385.0000000000002,474.3,910.7000000000003,327.1,30.3,233.1,40.0,282.0,-1.9,231.0,7.300000000000011,42.2,181.5,45.5,136.0,125.6,-0.1,10.6,149.3,124.20000000000002,2.0,23.099999999999994,14.4,8.699999999999994,7.7,0.0,1.0,485.1,410.428,74.67200000000003,74.7,0.0,59.587999999999994,49.288,0.0,10.299999999999999,12.2,-1.9,3005.912,31.5,1654.484,224.5,1095.4280000000003,327.50000000000006,767.9000000000002,193.80000000000004,30.400000000000002,233.1,28.4,282.0,,,,,,,,,,,,,,,910.7,
1985,4217.5,42.3,4175.2,2412.0,286.70000000000005,1476.4999999999998,505.4,971.0999999999998,352.8,35.2,246.1,41.9,294.4,0.6,250.3,7.400000000000034,44.900000000000006,197.99999999999997,47.9,150.09999999999997,142.2,-0.3,8.2,159.8,133.9,2.1,23.800000000000004,15.2,8.600000000000005,7.5,0.0,1.1,523.4,443.689,79.71099999999996,79.7,0.0,66.941,53.441,0.0,13.5,12.9,0.6,3217.0589999999997,42.3,1773.5699999999997,239.70000000000005,1161.4889999999998,349.70000000000005,811.7999999999997,203.10000000000002,35.5,246.1,32.6,294.4,,,,,,,,,,,,,,,971.1,
1986,4460.1,67.7,4392.400000000001,2559.4,298.5,1534.5000000000005,538.5,996.0000000000005,387.2,36.9,262.6,33.8,274.7,0.9,268.0,7.800000000000011,47.699999999999996,212.5,51.2,161.3,156.6,1.0,3.7,174.3,146.20000000000002,2.2,25.899999999999995,16.2,9.699999999999996,8.6,0.0,1.1,556.3,470.632,85.66799999999995,85.6,0.0,70.271,55.571,0.0,14.700000000000001,13.8,0.9,3391.229,67.7,1879.1970000000001,248.60000000000002,1195.7320000000004,371.7,824.1000000000005,222.0,35.9,262.6,28.999999999999996,274.7,,,,,,,,,,,,,,,996.0,
1987,4736.4,32.9,4703.5,2737.0,317.2,1649.3,571.1,1078.1999999999998,395.7,34.1,294.2,34.2,319.8,0.2,288.0,7.699999999999989,52.199999999999996,228.10000000000002,54.9,173.20000000000002,165.9,1.6,5.7,194.8,165.20000000000002,2.5,27.099999999999994,17.3,9.799999999999994,8.7,0.0,1.1,591.5,499.549,91.95100000000002,92.0,0.0,73.69,58.89,0.0,14.799999999999999,14.6,0.2,3588.4099999999994,32.9,2005.6610000000003,262.5,1287.349,392.3,894.9999999999998,221.1,32.5,294.2,27.400000000000002,319.8,,,,,,,,,,,,,,,1078.2,
1988,5100.4,-9.5,5109.9,2955.0,345.0,1809.8999999999996,611.0,1198.8999999999996,418.1,33.6,334.8,40.2,369.6,2.6,313.1,8.400000000000034,55.599999999999994,249.1,58.9,190.2,176.2,0.7,13.4,216.6,184.5,2.6,29.499999999999993,18.6,10.899999999999991,9.7,0.0,1.1,630.6,532.319,98.28100000000006,98.3,0.0,82.22200000000001,64.022,0.0,18.2,15.6,2.6,3857.877999999999,-9.5,2165.759,286.79999999999995,1414.8189999999997,419.59999999999997,995.1999999999996,232.20000000000005,32.9,334.8,25.700000000000003,369.6,,,,,,,,,,,,,,,1198.9,
1989,5482.1,56.1,5426.0,3132.6,371.5,1921.9,651.5,1270.4,474.0,39.2,351.6,42.4,358.4,4.9,337.2,9.0,60.099999999999994,268.1,62.9,205.20000000000002,190.2,-0.9,16.0,237.0,202.3,2.9,31.79999999999999,20.2,11.59999999999999,10.4,0.0,1.1,672.2,567.101,105.09900000000005,105.1,0.0,88.863,67.263,0.0,21.6,16.7,4.9,4146.837,56.1,2286.9359999999997,308.5,1495.3010000000004,446.59999999999997,1048.7,273.40000000000003,40.1,351.6,25.299999999999997,358.4,,,,,,,,,,,,,,,1270.4,
1990,5800.5,84.2,5716.3,3328.6,398.0,1989.7000000000003,691.2,1298.5000000000002,483.6,40.1,365.1,49.8,358.4,1.6,363.3,9.300000000000011,63.8,290.2,66.4,223.79999999999998,205.0,-0.8,19.4,260.6,223.40000000000003,3.1,34.09999999999999,22.1,11.999999999999986,10.8,0.0,1.2,722.7,609.736,112.96400000000006,112.9,0.0,92.993,73.493,0.0,19.5,17.9,1.6,4360.906999999999,84.2,2412.671,331.09999999999997,1532.9360000000001,471.9000000000001,1061.1000000000004,267.8,40.9,365.1,29.2,358.4,,,,,,,,,,,,,,,1298.5,
1991,5992.1,79.7,5912.400000000001,3441.1,429.6,2041.7000000000007,724.4,1317.3000000000006,462.0,39.9,367.3,61.6,380.8,5.7,383.7,9.199999999999989,68.39999999999999,306.1,68.9,237.20000000000002,211.9,-0.6,25.9,282.2,242.2,3.4,36.6,23.8,12.8,11.4,0.0,1.3,767.6,647.51,120.09000000000003,120.1,0.0,101.72,77.22,0.0,24.5,18.8,5.7,4456.88,79.7,2464.9700000000007,357.80000000000007,1554.4100000000008,492.8,1061.6000000000006,238.7,40.5,367.3,34.400000000000006,380.8,,,,,,,,,,,,,,,1317.3,
1992,6342.3,110.0,6232.3,3634.4,453.29999999999995,2144.6000000000004,744.4,1400.2000000000003,428.7,40.7,414.9,84.6,423.1,8.2,405.3,10.300000000000011,70.60000000000001,324.4,71.3,253.09999999999997,213.6,-1.4,40.9,305.9,263.19999999999993,3.6,39.100000000000044,25.5,13.600000000000044,11.9,0.0,1.6,801.9,677.261,124.63900000000001,124.7,0.0,109.783,81.783,0.0,28.0,19.8,8.2,4719.417,110.0,2601.856,379.0999999999999,1628.4610000000002,503.09999999999997,1125.3000000000002,203.2,42.1,414.9,42.099999999999994,423.1,,,,,,,,,,,,,,,1400.2,
1993,6667.4,135.8,6531.599999999999,3800.4,466.40000000000003,2264.7999999999993,778.0,1486.7999999999993,407.0,40.5,449.6,114.1,466.8,8.7,428.3,10.900000000000034,70.60000000000001,346.79999999999995,75.8,270.99999999999994,204.7,1.5,64.8,323.8,277.5,3.6,42.70000000000001,27.2,15.50000000000001,13.8,0.0,1.7,831.2,700.654,130.54600000000005,130.5,0.0,112.839,83.039,0.0,29.8,21.1,8.7,4971.2609999999995,135.8,2728.307,392.2,1714.9539999999993,523.4,1191.5999999999992,188.5,39.0,449.6,47.599999999999994,466.8,,,,,,,,,,,,,,,1486.8,
1994,7085.2,108.8,6976.4,4002.5,512.7,2461.2,819.2,1641.9999999999998,412.1,41.9,485.1,142.9,550.3,9.6,461.3,11.300000000000068,73.8,376.19999999999993,80.9,295.29999999999995,204.9,1.8,88.8,338.7,291.59999999999997,3.9,43.200000000000024,28.5,14.700000000000024,12.7,0.0,2.1,859.9,724.077,135.82299999999998,135.8,0.0,118.783,86.783,0.0,32.0,22.4,9.6,5306.517,108.8,2888.7400000000002,435.00000000000006,1873.9769999999999,551.6,1322.3999999999999,194.50000000000003,40.1,485.1,52.00000000000001,550.3,,,,,,,,,,,,,,,1642.0,
1995,7414.7,52.5,7362.2,4199.3,523.1,2639.7999999999997,869.5,1770.2999999999997,417.5,45.8,516.0,154.6,623.2,13.1,492.2,12.099999999999966,74.10000000000001,406.0,86.6,319.4,221.9,1.7,95.9,359.9,310.19999999999993,3.9,45.80000000000005,29.8,16.000000000000046,13.4,0.0,2.6,884.8,743.537,141.26299999999992,141.2,0.0,125.69200000000001,88.992,0.0,36.7,23.6,13.1,5552.108,52.5,3044.4709999999995,445.1,2010.0369999999996,588.3000000000001,1421.7999999999997,182.2,44.099999999999994,516.0,56.09999999999999,623.2,,,,,,,,,,,,,,,1770.3,
1996,7838.5,25.9,7812.6,4395.5,545.5999999999999,2871.5000000000005,912.5,1959.0000000000005,437.2,53.8,583.7,170.4,699.5,14.4,519.8,12.199999999999932,76.5,431.1,91.2,339.90000000000003,231.3,-0.7,109.2,377.2,325.2,4.0,48.0,30.7,17.3,14.5,0.0,2.8,911.3,766.762,144.538,144.5,0.0,130.674,91.674,0.0,39.0,24.6,14.4,5899.526,25.9,3199.6640000000007,465.0999999999999,2208.8620000000005,621.4999999999999,1587.4000000000003,191.39999999999998,54.5,583.7,58.400000000000006,699.5,,,,,,,,,,,,,,,1959.0,
1997,8332.4,-14.0,8346.4,4670.0,577.8000000000001,3098.5999999999995,963.8,2134.7999999999993,487.3,51.3,628.2,176.5,777.3,14.1,550.9,12.200000000000045,79.2,459.49999999999994,96.6,362.9,246.2,4.6,112.1,398.3,343.5,4.3,50.500000000000014,32.2,18.30000000000001,15.2,0.0,3.1,940.3,792.176,148.1239999999999,148.1,0.0,134.883,94.783,0.0,40.1,26.0,14.1,6308.017,-14.0,3427.3410000000003,494.30000000000007,2400.3759999999997,660.8999999999999,1739.4999999999993,225.90000000000003,46.699999999999996,628.2,61.300000000000004,777.3,,,,,,,,,,,,,,,2134.8,
1998,8793.5,-85.3,8878.8,5027.8,603.1,3247.899999999999,1020.5,2227.399999999999,560.2,65.2,687.5,191.5,709.7,13.3,583.9,14.199999999999932,80.8,488.90000000000003,102.3,386.6,257.7,1.8,127.3,426.3,367.90000000000003,4.4,53.99999999999998,34.8,19.19999999999998,15.6,0.0,3.5,972.5,820.664,151.836,151.9,0.0,138.433,98.033,0.0,40.400000000000006,27.1,13.3,6672.367,-85.3,3727.003000000001,517.9000000000001,2512.7639999999988,704.4000000000001,1808.2999999999993,286.90000000000003,63.400000000000006,687.5,60.7,709.7,,,,,,,,,,,,,,,2227.4,
1999,9353.5,-71.1,9424.6,5359.2,628.4,3437.0000000000005,1094.4,2342.6000000000004,569.9,69.0,746.8,208.2,734.8,14.1,628.4,12.899999999999977,83.4,532.1,110.0,422.1,276.1,2.0,144.0,454.5,392.5,4.7,57.3,37.8,19.5,15.9,0.0,3.6,1021.6,863.055,158.54500000000007,158.5,0.0,144.328,101.628,0.0,42.7,28.6,14.1,7104.672,-71.1,3989.117,540.3,2646.3550000000005,759.5000000000001,1886.9000000000005,277.9,67.0,746.8,60.59999999999999,734.8,,,,,,,,,,,,,,,2342.6,
2000,9951.5,-134.0,10085.5,5793.5,662.8000000000001,3629.2,1184.3,2444.8999999999996,642.5,87.0,817.5,215.3,673.6,9.1,673.5,13.799999999999955,86.19999999999999,573.5,118.5,455.0,303.2,0.8,151.0,483.7,418.09999999999997,4.9,60.700000000000024,41.3,19.400000000000027,15.8,0.0,3.6,1078.8,911.96,166.83999999999992,166.8,0.0,148.09300000000002,108.293,0.0,39.8,30.7,9.1,7567.406999999999,-134.0,4341.347,571.7000000000002,2788.3599999999997,827.0,1961.3999999999996,323.5,86.2,817.5,60.70000000000001,673.6,,,,,,,,,,,,,,,2444.9,
2001,10286.2,-103.4,10389.6,5984.5,669.0,3736.1000000000004,1256.2,2479.9000000000005,656.9,101.3,870.7,232.4,614.5,4.0,719.5,13.0,91.0,615.5,127.7,487.8,324.9,-1.0,163.9,513.4,443.9,5.1,64.4,44.6,19.800000000000004,15.8,0.0,4.0,1139.6,967.138,172.46199999999988,172.5,0.0,148.26500000000001,112.165,0.0,36.1,32.1,4.0,7765.435,-103.4,4448.2970000000005,572.9,2847.6380000000004,879.3000000000001,1968.3000000000006,316.2,102.3,870.7,64.5,614.5,,,,,,,,,,,,,,,2479.9,
2002,10642.3,-22.1,10664.4,6116.4,721.4,3826.6,1305.0,2521.6,609.6,82.4,890.3,218.7,714.3,6.3,746.0,12.799999999999955,98.4,634.8000000000001,135.0,499.80000000000007,341.2,2.6,156.0,552.1,479.40000000000003,5.6,67.1,47.7,19.39999999999999,15.2,0.0,4.2,1211.4,1034.139,177.2610000000002,177.3,0.0,156.284,116.284,0.0,40.0,33.7,6.3,7976.516,-22.1,4473.777,617.4,2907.4389999999994,911.3,1996.0999999999997,253.20000000000005,79.80000000000001,890.3,58.499999999999986,714.3,,,,,,,,,,,,,,,2521.6,
2003,11142.1,16.6,11125.5,6388.3,757.6999999999999,3979.5,1354.1,2625.4,595.5,76.1,930.6,204.2,812.0,7.0,762.7,14.300000000000068,104.10000000000001,644.3,146.2,498.09999999999997,348.2,4.4,145.5,584.5,509.40000000000003,5.9,69.19999999999996,51.2,17.999999999999957,14.2,0.0,3.8,1292.2,1109.423,182.77700000000004,182.8,0.0,158.896,116.496,0.0,42.4,35.4,7.0,8343.803999999998,16.6,4638.6810000000005,647.6999999999999,3040.823,938.4999999999999,2102.3,233.10000000000002,71.69999999999999,930.6,54.89999999999999,812.0,,,,,,,,,,,,,,,2625.4,
2004,11853.3,-22.3,11875.599999999999,6699.6,817.0,4358.999999999998,1432.8,2926.199999999998,569.3,81.7,1033.8,198.4,1041.9,1.2,806.0,15.099999999999909,110.19999999999999,680.7,163.5,517.2,371.9,5.8,139.5,617.7,538.9000000000001,6.3,72.49999999999996,55.4,17.09999999999996,13.4,0.0,3.8,1359.3,1165.924,193.37599999999998,193.4,0.0,164.911,125.211,0.0,39.7,38.5,1.2,8905.389,-22.3,4854.465,700.5,3372.7239999999983,981.9999999999999,2390.6999999999985,183.99999999999997,75.9,1033.8,55.10000000000001,1041.9,,,,,,,,,,,,,,,2926.2,
2005,12623.0,-95.1,12718.1,7071.5,869.3000000000001,4777.3,1541.4,3235.9,678.9,95.9,1069.8,178.2,1216.6,-3.5,864.4,15.399999999999977,114.7,734.3,181.4,552.9,423.9,11.3,117.9,642.0,559.4,6.6,76.00000000000003,60.1,15.900000000000027,12.3,0.0,3.6,1436.5,1227.786,208.71399999999994,208.7,0.0,166.467,128.067,0.0,38.4,41.9,-3.5,9513.633,-95.1,5140.847000000001,748.0,3719.886,1049.3,2670.6,242.7,84.60000000000001,1069.8,56.69999999999998,1216.6,,,,,,,,,,,,,,,3235.9,
2006,13377.2,-242.3,13619.5,7483.6,935.4,5200.5,1660.7,3539.8,830.1,83.0,1133.0,146.5,1351.5,-4.2,924.8,16.5,123.9,784.4,199.2,585.2,491.2,10.7,83.4,678.1,590.9000000000001,7.1,80.09999999999994,65.0,15.099999999999937,11.2,0.0,3.8,1512.0,1287.273,224.7270000000001,224.7,0.0,173.38400000000001,132.984,0.0,40.4,44.6,-4.2,10088.916000000001,-242.3,5455.943,804.4,4070.873,1127.2,2943.7000000000003,327.70000000000005,72.3,1133.0,59.3,1351.5,,,,,,,,,,,,,,,3539.8,
2007,14028.7,-12.0,14040.7,7863.0,972.6,5205.1,1767.5,3437.6000000000004,952.1,103.3,1090.4,143.7,1159.8,-11.8,968.1,18.100000000000023,126.1,823.9,208.0,615.9,538.9,8.9,68.1,717.8,620.4999999999999,7.8,89.50000000000007,73.5,16.00000000000007,11.4,0.0,4.6,1604.6,1361.375,243.2249999999999,243.2,0.0,173.962,137.662,0.0,36.3,48.1,-11.8,10564.238000000001,-12.0,5725.362999999999,838.7,4012.1750000000006,1194.7,2817.5000000000005,401.80000000000007,94.39999999999999,1090.4,71.0,1159.8,,,,,,,,,,,,,,,3437.6,
2008,14291.5,-2.4,14293.9,8079.1,985.6999999999999,5229.099999999999,1854.1,3374.9999999999995,1096.8,123.0,1097.9,231.6,841.8,-16.0,1042.8,19.200000000000045,133.70000000000002,889.8999999999999,209.5,680.3999999999999,547.2,3.2,130.0,762.9,656.5,8.3,98.09999999999998,81.1,16.999999999999986,11.8,0.0,5.3,1698.0,1438.386,259.61400000000003,259.6,0.0,176.646,141.146,0.0,35.5,51.5,-16.0,10611.154,-2.4,5823.868000000001,843.6999999999999,3945.9859999999994,1252.4,2693.5999999999995,537.8,119.8,1097.9,96.3,841.8,,,,,,,,,,,,,,,3375.0,
2009,13973.7,118.3,13855.400000000001,7807.2,963.5,5084.700000000002,1866.3,3218.4000000000015,841.9,133.4,979.4,289.7,989.5,-15.6,1048.3,17.499999999999773,142.3,888.5000000000002,204.5,684.0000000000002,488.8,5.7,189.5,796.5,687.3000000000001,8.8,100.39999999999993,84.2,16.199999999999932,9.8,0.0,6.3,1761.9,1491.464,270.43600000000015,270.4,0.0,177.444,139.944,0.0,37.5,53.1,-15.6,10189.556,118.3,5470.991999999999,812.4000000000001,3787.8640000000014,1254.1,2533.8000000000015,343.29999999999995,127.7,979.4,93.89999999999999,989.5,,,,,,,,,,,,,,,3218.4,
2010,14498.9,23.3,14475.6,7977.2,998.0,5500.400000000001,1873.4,3627.0000000000005,753.0,140.0,1103.4,349.2,1300.9,-19.5,1038.5,15.300000000000068,143.6,879.5999999999999,205.5,674.0999999999999,434.0,3.9,236.2,812.7,703.6000000000001,8.8,100.29999999999991,85.4,14.899999999999906,8.2,0.0,6.8,1811.7,1533.51,278.19000000000005,278.2,0.0,175.80399999999997,140.004,0.0,35.8,55.3,-19.5,10660.195999999998,23.3,5584.785999999999,845.6,4206.510000000001,1249.0,2957.5000000000005,310.8,136.1,1103.4,106.2,1300.9,,,,,,,,,,,,,,,3627.0,
2011,15075.7,31.9,15043.800000000001,8303.2,1036.3000000000002,5704.3,1936.8,3767.5,706.4,132.6,1157.3,409.7,1388.1,-26.5,1055.2,16.5,146.3,892.4000000000001,209.5,682.9000000000001,401.1,-2.0,283.9,836.9,724.5,9.0,103.39999999999998,88.2,15.199999999999974,7.5,0.0,7.6,1842.4,1551.439,290.961,291.0,0.0,173.568,141.668,0.0,31.9,58.4,-26.5,11167.632000000001,31.9,5869.093000000001,881.0000000000002,4385.639,1289.6999999999998,3095.9,297.79999999999995,134.6,1157.3,118.20000000000002,1388.1,,,,,,,,,,,,,,,3767.5,
2012,,,,,,,,,,,,,,,,,,,,,,,,,,,,,,,,,,,,,,,,,,,,,,,,,,,,,,,,16253.97,-153.641,16407.611,8575.371,-13.646,7845.886,493.618,609.967,1299.922,534.468,1652.37,334.589,1317.781,2081.931,609.967,
2013,,,,,,,,,,,,,,,,,,,,,,,,,,,,,,,,,,,,,,,,,,,,,,,,,,,,,,,,16880.683,-29.787,16910.471,8843.638,-13.643,8080.476,505.01,552.747,1351.739,578.687,1682.298,362.418,1319.88,2176.593,552.747,
2014,,,,,,,,,,,,,,,,,,,,,,,,,,,,,,,,,,,,,,,,,,,,,,,,,,,,,,,,17608.138,-140.94,17749.078,9259.655,-8.475,8497.898,518.335,586.693,1369.965,598.502,1807.956,406.89,1401.066,2301.35,586.693,
2015,,,,,,,,,,,,,,,,,,,,,,,,,,,,,,,,,,,,,,,,,,,,,,,,,,,,,,,,18295.019,-92.973,18387.992,9709.535,-2.847,8681.304,525.074,661.192,1347.722,601.351,1777.928,396.125,1381.803,2397.865,661.192,
2016,,,,,,,,,,,,,,,,,,,,,,,,,,,,,,,,,,,,,,,,,,,,,,,,,,,,,,,,18804.913,52.909,18752.004,9977.096,-2.154,8777.062,532.528,666.724,1349.214,618.723,1724.401,376.034,1348.367,2475.581,666.724,
2017,,,,,,,,,,,,,,,,,,,,,,,,,,,,,,,,,,,,,,,,,,,,,,,,,,,,,,,,19612.102,67.902,19544.2,10434.978,-4.252,9113.474,549.888,720.494,1428.634,642.028,1726.343,297.156,1429.187,2599.066,720.494,
2018,,,,,,,,,,,,,,,,,,,,,,,,,,,,,,,,,,,,,,,,,,,,,,,,,,,,,,,,20656.516,63.44,20593.076,10967.687,-4.592,9629.981,575.302,756.397,1495.331,671.488,1844.577,297.423,1547.154,2737.301,756.397,
2019,,,,,,,,,,,,,,,,,,,,,,,,,,,,,,,,,,,,,,,,,,,,,,,,,,,,,,,,21539.982,57.039,21482.943,11458.472,-12.14,10036.611,597.812,754.522,1555.775,688.432,1938.296,297.195,1641.101,2879.704,754.522,
2020,,,,,,,,,,,,,,,,,,,,,,,,,,,,,,,,,,,,,,,,,,,,,,,,,,,,,,,,21375.281,120.586,21254.695,11605.744,-3.062,9652.013,617.129,751.128,1599.507,743.428,1966.263,311.059,1655.204,3005.721,751.128,
2021,,,,,,,,,,,,,,,,,,,,,,,,,,,,,,,,,,,,,,,,,,,,,,,,,,,,,,,,23725.645,37.828,23687.817,12569.557,-10.932,11129.192,658.932,698.044,1818.662,776.719,2697.79,468.876,2228.914,3211.856,698.044,
2022,,,,,,,,,,,,,,,,,,,,,,,,,,,,,,,,,,,,,,,,,,,,,,,,,,,,,,,,26054.614,-0.397,26055.012,13462.215,-16.012,12608.809,728.998,688.984,1868.919,871.106,2913.118,600.568,2312.55,3578.376,688.984,
2023,,,,,,,,,,,,,,,,,,,,,,,,,,,,,,,,,,,,,,,,,,,,,,,,,,,,,,,,27811.517,325.854,27485.663,14228.378,-46.918,13304.203,770.345,647.38,1941.958,1002.484,3144.25,613.01,2531.24,3800.377,647.38,
2024,,,,,,,,,,,,,,,,,,,,,,,,,,,,,,,,,,,,,,,,,,,,,,,,,,,,,,,,29298.013,296.298,29001.715,15049.121,-47.46,14000.054,803.792,611.088,2023.08,1078.149,3344.161,680.341,2663.82,3992.907,611.088,
2025,,,,,,,,,,,,,,,,,,,,,,,,,,,,,,,,,,,,,,,,,,,,,,,,,,,,,,,,,,,,,,,,,,,,,,,
