Year,[Final Measures] Corporate Value Added adjusted for imputed interest; Source: Appendix Table 6..8.I-3,[Final Measures] Corporate NOS adjusted for imputed interest (Earnings before Interest and Taxes); Source: Appendix Table 6..8.I-4,[Final Measures] NIPA Corporate Profit; Source: Appendix Table 6..8.I-5,[Final Measures] Net Monetary Interest Paid and Transfers; Source: Corpnetmonint+corptransfers,[Final Measures] Corporate Current-Cost Fixed Capital (plant and equipment) Gross Stock; Source: Appendix Table 6.8.II.5,[Final Measures] Corporate Inventories; Source: Appendix Table 6.8.II.6,"[Final Measures] Corporate Total Capital Stock (plant, equipment, inventories); Source: KGCcorp + INVcorp","[Final Measures] Corp Max Rate of Profit, adj. for imputed interest and inventories; Source: VAcorp/KTCcorp(-1)","[Final Measures] Corporate Profit Share, adj. for imputed interest; Source: NOScorp/VAcorp","[Final Measures] Corp Profit Rate, adj. for imputed interest and inventories; Source: NOS/KTC(-1)","[Conventional Measures (w/o imputed int correction, w/0 inventories, and w/o capital stock corrections)] Corporate VA, w/o imputed interest adj.; Source: Appendix Table 6..8.I-3","[Conventional Measures (w/o imputed int correction, w/0 inventories, and w/o capital stock corrections)] BEA 2011 Corp Current-Cost Net Stock; Source: FA Table 6.1, line 1","[Conventional Measures (w/o imputed int correction, w/0 inventories, and w/o capital stock corrections)] Corp Max Rate of Profit, w/o imputed interest adj. or inventories; Source: VAcorpnipa/KNCcorpbea","[Conventional Measures (w/o imputed int correction, w/0 inventories, and w/o capital stock corrections)] Corporate Profit Share, w/o imputed interest adj.; Source: Pcorpnipa/VAcorpnipa","[Conventional Measures (w/o imputed int correction, w/0 inventories, and w/o capital stock corrections)] Corp Profit Rate, w/o imputed interest adj. or inventories; Source: Pcorpnipa/KNCcorpbea(-1)",[NA] Multiplier for NIPA Profit; Source: x1 = 1 + (NMINTcorp/Pcorp),[NA] Multiplier for Lagged Gross Stock; Source: x2 = 1 + (INVcorp(-1)/KNCcorpbea(-1)),[NA] Gross Fixed Capital / Net NIPA Capital; Source: x3 =  KNCcorpbea(-1) / KGCcorp(-1),[NA] Multiplier for Conventional Profit Rate; Source: rcorp/rcorpnipa = x3*(x1 / x2),[Proxy Measures (only effect due to new KGCcorp)] NIPA Corporate Max Rate of Profit; Source: VAcorpnipa/KGCcorp(-1),[Proxy Measures (only effect due to new KGCcorp)] NIPA Corporate Rate of Profit; Source: Pcorpnipa/KGCcorpbea(-1),[Capacity Utilization] Corp Capacity Utilization; Source: See derivation in Appendix 6.7.VI,[Capacity Utilization] FRB Capacity Utilization (1967 onward); Source: http://www.federalreserve.gov/,[Capacity Utilization] Normal Corp Max Rate of Profit; Source: Rcorpn / uK,[Capacity Utilization] ; Source: ProfshcorpHP100,[Capacity Utilization] Normal Corp  Rate of Profit; Source: Profshcorpn*Rcorpn,[Capacity Utilization] Normal NIPA Maximum Corp Rate of Profit (using uFRB); Source: Rcorpnipa / uFRB  (1967 onward),[Capacity Utilization] ; Source: ProfshcorpnipaHP(100,[Capacity Utilization] Normal NIPA Corp Rate of Profit (using uFRB); Source: Profshcorpnipan*Rcorpnipan  (1967 onward),[Capacity Utilization] Proxy Normal Max Profit Rate using uK; Source: Rcorp'/uK,[Capacity Utilization] Proxy Normal Average Profit Rate using uK; Source: Profshcorpnipan*Rcorp'n,[Nominal and Current (Real) Incremental Rates of Profit] Corporate Gross Investment in Fixed Capital; Source: Appendix Table 6.8.II.1 (from BEA FA T6.7),[Nominal and Current (Real) Incremental Rates of Profit] Corporate Current Cost Consumption of Fixed Capital (Depreciation); Source: Appendix Table 6.8.II.1 (from BEA FA T6.4),[Nominal and Current (Real) Incremental Rates of Profit] Gross Corporate NIPA Profit; Source: Pcorp + DEPCcorp,[Nominal and Current (Real) Incremental Rates of Profit],[Nominal and Current (Real) Incremental Rates of Profit] Gross Operating Surplus (adjusted); Source: NOScorp + DEPcorp,[Nominal and Current (Real) Incremental Rates of Profit],[Nominal and Current (Real) Incremental Rates of Profit] Change in Corporate Inventories,[Nominal and Current (Real) Incremental Rates of Profit] Corporate Gross Investment in Fixed Capital and Inventories,[Nominal and Current (Real) Incremental Rates of Profit] Adjusted Corp. Nominal Incremental Rate of Profit; Source: ∆GOScorp/(IGcorpbea + ∆INVcorp)-1,[Nominal and Current (Real) Incremental Rates of Profit] NIPA Corp. Nominal Incremental Rate of Profit; Source: ∆PGcorp/IGCcorpbea-1,[Nominal and Current (Real) Incremental Rates of Profit] Real Corporate Gross Investment; Source: Appendix Table 6.8.II.1 (from BEA FA T6.8),[Nominal and Current (Real) Incremental Rates of Profit] Price index Corporate Gross Investment (2005 = 100); Source: Appendix Table 6.8.II.1,[Nominal and Current (Real) Incremental Rates of Profit] Real Gross Operating Surplus; Source: (NOScorp + DEPcorp)/pIGcorpbea,[Nominal and Current (Real) Incremental Rates of Profit] Real Corporate Gross Profit (deflated by gross investment price index); Source: PGcorp/pIGcorpbea,[Nominal and Current (Real) Incremental Rates of Profit] Real Corporate Inventories (deflated by gross investment price index); Source: INVcorp/pIGcorpbea,[Nominal and Current (Real) Incremental Rates of Profit],[Nominal and Current (Real) Incremental Rates of Profit] Change in Real Gross Corporate Profit,[Nominal and Current (Real) Incremental Rates of Profit] Change in Real Corporate Inventories,[Nominal and Current (Real) Incremental Rates of Profit] Real Corporate Gross Investment in Fixed Capital and Inventories,[Nominal and Current (Real) Incremental Rates of Profit] Adjusted Corp. Real Incremental Rate of Profit; Source: ∆GOSRcorp/(IGRcorpbea + ∆INVRcorp)-1,[Nominal and Current (Real) Incremental Rates of Profit] NIPA Corp. Real Incremental Rate of Profit; Source: ∆PGRcorp/IGRcorpbea-1,"Corp max rate of profit (VA/KTC), BEA-derived post-2011","Corp profit share (NOS/VA), BEA-derived post-2011","Corp profit rate (NOS/KTC), BEA-derived post-2011","x1 interest adjustment ratio, BEA-derived post-2011","x2 inventory adjustment ratio, BEA-derived post-2011","x3 capital adjustment ratio (net/gross), BEA-derived post-2011",Spliced Shaikh Rcorp_max (1947-2011) + BEA-derived (post-2011),Spliced Shaikh ProfshCorp (1947-2011) + BEA-derived (post-2011),Spliced Shaikh rcorp (1947-2011) + BEA-derived (post-2011),Spliced Shaikh x1 (1947-2011) + BEA-derived (post-2011),Spliced Shaikh x2 (1947-2011) + BEA-derived (post-2011),Spliced Shaikh x3 (1947-2011) + BEA-derived (post-2011),Spliced Shaikh VAcorp (1947-2011) + BEA-derived (post-2011),Spliced Shaikh NOScorp (1947-2011) + BEA-derived (post-2011),Spliced Shaikh Pcorpnipa (1947-2011) + BEA T1.14 (post-2011),Spliced Shaikh NMINTcorp (1947-2011) + ratio-spliced (post-2011),Spliced Shaikh KGCcorp (1946-2011) + BEA-derived (post-2011),Spliced Shaikh INVcorp (1946-2011) + ratio-proxy (post-2011),Spliced Shaikh KTCcorp (1946-2011) + BEA-derived (post-2011),Spliced Shaikh VAcorpnipa (1947-2011) + ratio-spliced (post-2011),Spliced Shaikh KNCcorpbea (1946-2011) + BEA FA T6.1 (post-2011),Spliced Shaikh Rcorpnipa_max (1947-2011) + ratio-spliced (post-2011),Spliced Shaikh profshcorpnipa (1947-2011) + ratio-spliced (post-2011),Spliced Shaikh rcorpnipa (1947-2011) + ratio-spliced (post-2011),Spliced Shaikh iropcorp_nominal (1948-2011) + BEA-derived (post-2011),Spliced Shaikh iropcorp_real (1948-2011) + ratio-spliced (post-2011)
,S013A,S013B,S013C,S013D,S013E,S013F,S013G,S013H,S013I,S013J,S013K,S013L,S013M,S013N,S013O,S013P,S013Q,S013R,S013S,S013T,S013U,S013V,S013W,S013X,S013Y,S013Z,S013AA,S013AB,S013AC,S013AD,S013AE,S013AF,S013AG,S013AH,S013AI,S013AJ,S013AK,S013AL,S013AM,S013AN,S013AO,S013AP,S013AQ,S013AR,S013AS,S013AT,S013AU,S013AV,S013AW,S013AX,S013AY,S013AZ,S013H_EXT,S013I_EXT,S013J_EXT,S013P_EXT,S013Q_EXT,S013R_EXT,S013H_COMBINED,S013I_COMBINED,S013J_COMBINED,S013P_COMBINED,S013Q_COMBINED,S013R_COMBINED,S013A_COMBINED,S013B_COMBINED,S013C_COMBINED,S013D_COMBINED,S013E_COMBINED,S013F_COMBINED,S013G_COMBINED,S013K_COMBINED,S013L_COMBINED,S013M_COMBINED,S013N_COMBINED,S013O_COMBINED,S013AO_COMBINED,S013AZ_COMBINED
1946,,,,,152.54296239785796,20.679205132210768,173.22216753006873,,,,,159.4,,,,,,,,,,,,,,,,,,,,,,,,,,,,,,,,,,,,,,,,,,,,,,,,,,,,,,,,,152.5429623979,20.6792051322,173.2221675301,,159.4,,,,,
1946,,,,,,20.679205132210768,173.22216753006873,,,,,,,,,,,,,,,,,,,,,,,,,12.0,,,,,,,,,,,19.91072825877894,,,103.85961208170774,,,,,,,,,,,,,,,,,,,,,,,152.5429623979,20.6792051322,173.2221675301,,159.4,,,,,
1947,118.6,24.9,22.5,2.3999999999999995,170.5828337097477,25.192420766142597,195.77525447589028,0.684669876212078,0.20994940978077573,0.14374603640540254,117.1,190.1,0.7346298619824341,0.19214346712211786,0.1411543287327478,1.1066666666666667,1.1355631541904627,1.0449515172273744,1.018360809023163,0.7676525888790812,0.14749942997249638,0.885106384754181,,0.7735452912840868,0.229449284911671,0.17748941393192397,,0.213929049427121,,0.8672997981957614,0.1855406213963531,15.7,8.9,31.4,,33.8,,4.513215633931829,20.213215633931828,,,67.405856,23.2917448596751,145.11579189808916,134.811712,108.16029850025589,,,4.300686418548153,71.70654241854815,,,,,,,,,0.6846698762,0.2099494098,0.1437460364,1.1066666667,1.1355631542,1.0449515172,118.6,24.9,22.5,2.4,170.5828337097,25.1924207661,195.7752544759,117.1,190.1,0.734629862,0.1921434671,0.1411543287,,
1948,136.0,32.1,29.6,2.4999999999999996,191.68359280651978,28.798097438081573,220.48169024460137,0.694674106613144,0.2360294117647059,0.16396352075207296,134.1,208.1,0.70541820094687,0.22073079791200598,0.15570752235665442,1.0844594594594594,1.1476843842857503,1.1144145976813904,1.0530224761813871,0.7861283406053364,0.1735227358830571,0.923893213272095,,0.7518987006656971,0.229324174783279,0.1724285490507807,,0.213587846729656,,0.850886584415048,0.1817390333763618,17.8,10.4,40.0,8.600000000000001,42.5,8.700000000000003,3.6056766719389763,21.405676671938977,0.43041147720184386,0.7166666666666668,70.22863600000001,25.34578629720218,167.68073202247191,157.81715955056183,113.62084845345862,22.56494012438276,23.005447550561826,5.4605499532027295,75.68918595320274,0.31468453732815793,0.341297461611671,,,,,,,0.6946741066,0.2360294118,0.1639635208,1.0844594595,1.1476843843,1.1144145977,136.0,32.1,29.6,2.5,191.6835928065,28.7980974381,220.4816902446,134.1,208.1,0.7054182009,0.2207307979,0.1557075224,0.7166666667,0.3412974616
1949,132.4,30.2,27.6,2.699999999999999,200.7047696097666,28.522770172059257,229.22753978182587,0.6005033790022022,0.2280966767371601,0.13697282511983766,130.3,212.2,0.6261412782316195,0.21181887950882577,0.13262854396924556,1.0978260869565217,1.1502376756217711,1.0856432569586199,1.0361749696412539,0.6797660566156087,0.14398728444045125,0.869800388813019,,0.6903921712678062,0.22900357180577,0.1581022731670685,,0.21302835353792,,0.7815196053697534,0.16648583478952353,16.2,11.2,38.8,-1.2000000000000028,41.4,-1.1000000000000014,-0.27532726602231605,15.924672733977683,-0.05138823765576203,-0.07643312101910847,62.07985600000001,26.095421355358813,158.6485208888889,148.68508720987654,109.30181882731692,-9.032211133583019,-9.132072340685284,-4.319029626141699,57.76082637385831,-0.11933291420477785,-0.13003345730202254,,,,,,,0.600503379,0.2280966767,0.1369728251,1.097826087,1.1502376756,1.085643257,132.4,30.2,27.6,2.7,200.7047696098,28.5227701721,229.2275397818,130.3,212.2,0.6261412782,0.2118188795,0.132628544,-0.076433121,-0.1300334573
1950,150.6,37.2,34.4,2.8000000000000007,230.20600652901382,35.69829666230825,265.9043031913221,0.6569891215660126,0.2470119521912351,0.16228416548642546,148.4,238.1,0.699340245051838,0.23180592991913745,0.16211121583411875,1.0813953488372092,1.1421130660099235,1.057274325929492,1.001066858029636,0.7393944861825478,0.17139602644662832,0.879007756710052,,0.7474213015195563,0.228358741382195,0.17068018769724796,,0.212103400890346,,0.8411694669793945,0.1784149046714492,17.8,12.0,46.4,7.600000000000001,49.2,7.800000000000004,7.175526490248995,24.975526490248996,0.48980598410399556,0.4269662921348315,66.575,26.736763049192643,184.01629213483145,173.54382022471907,133.51764608388606,25.36777124594255,24.858733014842528,24.215827256569142,90.79082725656914,0.43918643202486496,0.4004315508535092,,,,,,,0.6569891216,0.2470119522,0.1622841655,1.0813953488,1.142113066,1.0572743259,150.6,37.2,34.4,2.8,230.206006529,35.6982966623,265.9043031913,148.4,238.1,0.6993402451,0.2318059299,0.1621112158,0.4269662921,0.4004315509
1951,172.9,42.5,39.1,3.4999999999999996,255.84979414602253,42.236510818829736,298.0863049648523,0.6502339297442505,0.24580682475419316,0.15983193761787534,170.3,258.5,0.7152456950860984,0.22959483264826774,0.16421671566568669,1.0895140664961636,1.1550710913262336,1.0342909969640226,0.9755889472991524,0.739772183044826,0.1698478705640205,0.925842940807343,,0.702315588405568,0.227251913197548,0.15960256113362697,,0.210653536289986,,0.7990255694985785,0.16831756180099555,21.7,13.6,52.7,6.300000000000004,56.1,6.899999999999999,6.538214156521484,28.238214156521483,0.27627045230433533,0.3888888888888892,73.786404,29.409212027733457,190.75655596313365,179.19555257142858,143.61660142067012,6.740263828302204,5.651732346709508,10.098955336784059,83.88535933678406,0.07423948026439547,0.08489271268057841,,,,,,,0.6502339297,0.2458068248,0.1598319376,1.0895140665,1.1550710913,1.034290997,172.9,42.5,39.1,3.5,255.849794146,42.2365108188,298.0863049649,170.3,258.5,0.7152456951,0.2295948326,0.1642167157,0.3888888889,0.0848927127
1952,180.9,40.6,37.0,3.700000000000001,276.7328418152084,44.2476572792157,320.9804990944241,0.6068712214783908,0.2244333886124931,0.13620216468779806,178.1,273.5,0.6889748549323017,0.20774845592363841,0.14313346228239845,1.1,1.1650832315883117,1.0103584443474867,0.953918362782645,0.6961115626239356,0.14461610228571375,0.910232961177826,,0.6667207707937863,0.225731729522999,0.15050003270018839,,0.208716273230991,,0.7647619810682081,0.1596182705973061,22.7,14.5,51.5,-1.2000000000000028,55.1,-1.0,2.011146460385966,24.711146460385965,-0.03541300432304621,-0.0674157303370788,75.597244,30.027549681573046,183.49815614096917,171.50916590308373,147.35686976939408,-7.258399822164478,-7.686386668344852,3.7402683487239585,79.33751234872396,-0.08652761196412544,-0.10417077200760254,,,,,,,0.6068712215,0.2244333886,0.1362021647,1.1,1.1650832316,1.0103584443,180.9,40.6,37.0,3.7,276.7328418152,44.2476572792,320.9804990944,178.1,273.5,0.6889748549,0.2077484559,0.1431334623,-0.0674157303,-0.104170772
1953,193.6,41.099999999999994,37.3,3.7999999999999976,296.53555848647704,46.10110690219687,342.6366653886739,0.6031519065681555,0.21229338842975204,0.12804516198321894,190.79999999999998,287.0,0.6976234003656306,0.19549266247379454,0.13638025594149908,1.101876675603217,1.159893046987038,0.9883178238115764,0.9388834263380799,0.6894736408893922,0.1347870377629682,0.924771666526794,,0.6522171130452558,0.224032313497744,0.14611770873834828,,0.20651858984461,,0.7455609485516344,0.15397219573809334,24.8,15.4,52.699999999999996,1.1999999999999957,56.49999999999999,1.3999999999999915,1.8534496229811666,26.653449622981167,0.05665459521452429,0.055299539170506715,81.125632,30.56986970529857,184.82250838709675,172.391968,150.8057029572695,1.3243522461275745,0.8828020969162651,3.448833187875408,84.5744651878754,0.016692636395081967,0.011677702125176218,,,,,,,0.6031519066,0.2122933884,0.128045162,1.1018766756,1.159893047,0.9883178238,193.6,41.1,37.3,3.8,296.5355584865,46.1011069022,342.6366653887,190.8,287.0,0.6976234004,0.1954926625,0.1363802559,0.0552995392,0.0116777021
1954,190.4,40.3,36.4,4.000000000000001,311.23510269058767,46.03747911853146,357.2725818091191,0.5556906753806325,0.2116596638655462,0.11761730156428303,187.4,295.3,0.6529616724738676,0.1942369263607257,0.12682926829268293,1.10989010989011,1.1554656957077856,0.9678434568348339,0.9296683446797023,0.6319646822677626,0.12275087745222282,0.8767209649086,,0.6338284330163868,0.222374470965749,0.1409472624750687,,0.204277301529784,,0.7208276151279743,0.14724872008649229,24.1,16.2,52.599999999999994,-0.10000000000000142,56.5,0.0,-0.06362778366541022,24.03637221633459,0.0,-0.004405286343612398,78.35611200000001,30.757013569024455,183.69793892116184,171.0179041991701,149.68123941947354,-1.1245694659349112,-1.3740638008299015,-1.1244635377959469,77.23164846220406,-0.013296796656494017,-0.01693748038634573,,,,,,,0.5556906754,0.2116596639,0.1176173016,1.1098901099,1.1554656957,0.9678434568,190.4,40.3,36.4,4.0,311.2351026906,46.0374791185,357.2725818091,187.4,295.3,0.6529616725,0.1942369264,0.1268292683,-0.0044052863,-0.0169374804
1955,215.70000000000002,51.300000000000004,46.6,4.700000000000004,347.98339125729046,52.78384952113242,400.7672407784229,0.6037407038283239,0.23783031988873435,0.1435878447213399,212.4,325.0,0.7192685404673214,0.2193973634651601,0.1578056214019641,1.1008583690987126,1.1479186593046329,0.9488004323650169,0.9099032306054007,0.6824423021819491,0.1497260418158137,0.903114199638367,,0.6685098120150021,0.220861684636002,0.1476482032773304,,0.202099037787007,,0.7556544924830312,0.15271704583024973,26.6,17.1,63.7,11.100000000000009,68.4,11.900000000000006,6.746370402600959,33.34637040260096,0.495083030537904,0.44758064516129065,85.503604,31.109799769375808,219.86641028571427,204.7586306315789,169.66952507708626,36.16847136455243,33.74072643240882,19.98828565761272,105.49188965761272,0.46831152881907867,0.43060746087565976,,,,,,,0.6037407038,0.2378303199,0.1435878447,1.1008583691,1.1479186593,0.9488004324,215.7,51.3,46.6,4.7,347.9833912573,52.7838495211,400.7672407784,212.4,325.0,0.7192685405,0.2193973635,0.1578056214,0.4475806452,0.4306074609
1956,230.0,50.300000000000004,45.2,5.100000000000001,391.8473726280085,58.82817443841661,450.6755470664251,0.573899202822226,0.21869565217391307,0.12550926044329552,226.4,360.7,0.6966153846153846,0.19964664310954064,0.1390769230769231,1.1128318584070798,1.1516849678670593,0.933952620053935,0.9024449036298904,0.6506057636314181,0.12989125669673188,0.86929577589035,,0.6601886477987622,0.219490692507833,0.14490526349116017,,0.199989655101475,,0.7484285345399898,0.14967796449075493,32.2,19.2,64.4,0.7000000000000028,69.5,1.0999999999999943,6.044324917284193,38.244324917284196,0.03298709834741703,0.029045643153527086,96.10234400000002,33.505946535497614,207.42586670807455,192.20468800000003,175.5753247444944,-12.440543577639716,-12.553942631578877,5.905799667408132,102.00814366740815,-0.11792891015619376,-0.1468235494679134,,,,,,,0.5738992028,0.2186956522,0.1255092604,1.1128318584,1.1516849679,0.9339526201,230.0,50.3,45.2,5.1,391.847372628,58.8281744384,450.6755470664,226.4,360.7,0.6966153846,0.1996466431,0.1390769231,0.0290456432,-0.1468235495
1957,239.69999999999996,50.5,44.5,6.000000000000001,426.5861093605473,61.555841212633254,488.14195057318057,0.5318682177461707,0.21068001668752612,0.112054004990328,235.59999999999997,386.9,0.6531743831438868,0.18887945670628187,0.12337122262267813,1.1348314606741574,1.150130327642298,0.9205114674647122,0.908266957303625,0.6012545099381374,0.11356462517931715,0.843951225280762,,0.6302120333663015,0.218427615734215,0.1376557118552128,,0.198128019580514,,0.7124280312977976,0.14115195493467708,34.9,21.3,65.8,1.3999999999999915,71.8,2.299999999999997,2.727666774216644,37.62766677421664,0.06013964176317652,0.0526315789473681,98.59491200000001,35.39736411550324,202.83996222349575,185.8895475530086,173.89950565746562,-4.585904484578805,-6.315140446991421,-1.6758190870287706,96.91909291297124,-0.04495625858589183,-0.0657126578202028,,,,,,,0.5318682177,0.2106800167,0.112054005,1.1348314607,1.1501303276,0.9205114675,239.7,50.5,44.5,6.0,426.5861093605,61.5558412126,488.1419505732,235.6,386.9,0.6531743831,0.1888794567,0.1233712226,0.0526315789,-0.0657126578
1958,233.50000000000003,46.4,39.9,6.499999999999999,442.59008309327965,64.38519516355932,506.975278256839,0.4783444646087522,0.19871520342612417,0.09505431759248864,229.10000000000002,394.4,0.5921426725252004,0.17415975556525531,0.10312742310674593,1.162907268170426,1.14429874733827,0.9069681161910386,0.9217171798630038,0.5370545242165081,0.09353328466276155,0.798105180263519,,0.5993501563926851,0.217830668543038,0.13055684525839298,,0.196689100780437,,0.672911963858176,0.13235444907566254,30.2,22.7,62.599999999999994,-3.200000000000003,69.1,-2.700000000000003,2.8293539509260626,33.029353950926065,-0.07175571146096431,-0.09937888198757772,84.481012,35.74767783321535,193.29926917880792,175.11626990728476,180.11014719321182,-9.540693044687828,-10.773277645723851,6.210641535746191,90.6916535357462,-0.09843976824313573,-0.10926808926736352,,,,,,,0.4783444646,0.1987152034,0.0950543176,1.1629072682,1.1442987473,0.9069681162,233.5,46.4,39.9,6.5,442.5900830933,64.3851951636,506.9752782568,229.1,394.4,0.5921426725,0.1741597556,0.1031274231,-0.099378882,-0.1092680893
1959,263.5,57.699999999999996,51.1,6.6,469.2512596112735,71.88719080210795,541.1384504133814,0.5197492092829586,0.21897533206831118,0.11381225569497803,258.2,411.6,0.6546653144016227,0.19790859798605734,0.1295638945233266,1.1291585127201564,1.1454736507279346,0.8911180233491061,0.8784257073600652,0.5833840609247951,0.11545672158503886,0.861047804355621,,0.603624103857882,0.217780789004854,0.1314577336005175,,0.195755588061749,,0.6775280744852256,0.1326299066491998,32.7,23.7,74.8,12.200000000000003,81.39999999999999,12.299999999999997,7.501995638548635,40.20199563854864,0.37239602137767924,0.349570200573066,89.359628,36.59370650021059,222.44262138226298,204.40673316207952,196.44686935906387,29.143352203455066,29.29046325479476,16.336722165852052,105.69635016585205,0.3213454719068297,0.3467106106019984,,,,,,,0.5197492093,0.2189753321,0.1138122557,1.1291585127,1.1454736507,0.8911180233,263.5,57.7,51.1,6.6,469.2512596113,71.8871908021,541.1384504134,258.2,411.6,0.6546653144,0.197908598,0.1295638945,0.3495702006,0.3467106106
1960,275.79999999999995,57.199999999999996,50.0,7.299999999999999,484.9322528829036,75.13160245469801,560.0638553376016,0.5096662412166673,0.20739666424945616,0.10570307830889546,269.9,419.9,0.6557337220602526,0.1852537977028529,0.12147716229348882,1.146,1.1531955201604767,0.8771420248098394,0.8716689779476365,0.5751716047040224,0.10655272410226425,0.880931198596954,,0.5785539688325321,0.218167608504783,0.1262217357711443,,0.195185279777152,,0.6529131964222514,0.12743904491387173,35.6,24.0,74.0,-0.7999999999999972,81.19999999999999,-0.20000000000000284,3.2444116525900597,38.84441165259006,-0.004974877411514072,-0.02649006622516547,97.284716,36.59362072866615,221.89659941573032,202.22103887640452,205.31338784916292,-0.5460219665326633,-2.185694285674998,8.866518490099054,106.15123449009906,-0.005165949114381718,-0.024459527580788475,,,,,,,0.5096662412,0.2073966642,0.1057030783,1.146,1.1531955202,0.8771420248,275.8,57.2,50.0,7.3,484.9322528829,75.1316024547,560.0638553376,269.9,419.9,0.6557337221,0.1852537977,0.1214771623,-0.0264900662,-0.0244595276
1961,283.40000000000003,58.900000000000006,50.9,8.100000000000009,503.27763471608745,79.95142420211542,583.2290589182029,0.5060137291473112,0.207833450952717,0.10516657955813914,277.5,430.3,0.6608716361038343,0.1834234234234234,0.1212193379376042,1.1591355599214146,1.1549321621897564,0.8658941481077215,0.869045586449443,0.5722448823526857,0.1049631153576638,0.882777214050293,,0.5732066042185848,0.218892950537896,0.12547088486521402,,0.194857418398731,,0.6482325022042131,0.12631291190166266,35.2,24.7,75.6,1.5999999999999943,83.60000000000001,2.40000000000002,4.819821747417407,40.01982174741741,0.061784949183031145,0.04892966360856251,96.549728,36.45789659811367,229.305604,207.36248399999997,219.29796192974035,7.409004584269667,5.141445123595446,13.984574080577431,110.53430208057743,0.06979668790343385,0.05284946428373647,,,,,,,0.5060137291,0.207833451,0.1051665796,1.1591355599,1.1549321622,0.8658941481,283.4,58.9,50.9,8.1,503.2776347161,79.9514242021,583.2290589182,277.5,430.3,0.6608716361,0.1834234234,0.1212193379,0.0489296636,0.0528494643
1962,309.9,67.7,58.6,9.100000000000001,525.4492389980019,85.59891331410986,611.0481523121117,0.5313521253121632,0.21845756695708296,0.11607789249317023,303.5,444.2,0.7053218684638624,0.1930807248764415,0.13618405763420868,1.1552901023890785,1.1588614686746772,0.8549952756051715,0.8523603607476307,0.6030468653176145,0.11643672588999082,0.939095973968506,,0.5658123770531498,0.219750962514216,0.12433781445988616,,0.1945523936008,,0.64215679976692,0.12493314246168394,38.3,25.6,84.2,8.600000000000009,93.30000000000001,9.700000000000003,5.647489111994446,43.94748911199444,0.24237989017594688,0.2415730337078654,105.284368,36.37767004499661,256.4760191749348,231.4606732532637,235.30620077709773,27.17041517493479,24.09818925326374,16.008238847357376,121.29260684735738,0.2458098044092056,0.24959354886285895,,,,,,,0.5313521253,0.218457567,0.1160778925,1.1552901024,1.1588614687,0.8549952756,309.9,67.7,58.6,9.1,525.449238998,85.5989133141,611.0481523121,303.5,444.2,0.7053218685,0.1930807249,0.1361840576,0.2415730337,0.2495935489
1963,330.0,74.2,64.3,10.000000000000005,548.4317201515985,92.28682901402844,640.7185491656269,0.5400556384162706,0.22484848484848485,0.12143069203177961,322.8,458.3,0.7266996848266547,0.19919454770755884,0.14475461503827106,1.1555209953343701,1.1629061514625876,0.8453718590344921,0.8400032373641028,0.6143314635216885,0.12237147801872544,0.97143566608429,,0.5559355676049584,0.22042486233839,0.12254202095833767,,0.193936020873682,,0.6323954173908043,0.12264425086752387,40.4,26.7,91.0,6.799999999999997,100.9,7.599999999999994,6.687915699918577,47.087915699918575,0.17293365681557793,0.1931818181818181,110.87666800000001,36.43688138247444,276.91722280198024,249.74695019801985,253.27861637032674,20.441203627045468,18.28627694475614,17.972415593229016,128.849083593229,0.16852802621985055,0.17368463421612731,,,,,,,0.5400556384,0.2248484848,0.121430692,1.1555209953,1.1629061515,0.845371859,330.0,74.2,64.3,10.0,548.4317201516,92.286829014,640.7185491656,322.8,458.3,0.7266996848,0.1991945477,0.144754615,0.1931818182,0.1736846342
1964,356.9,82.1,71.1,11.099999999999998,584.416740608418,98.7398099442203,683.1565505526382,0.5570308530395625,0.2300364247688428,0.12813738591915966,349.5,483.9,0.7626009164302858,0.20343347639484977,0.15513855553131134,1.1561181434599157,1.1682740542223167,0.8356555304155564,0.8269605208678178,0.6372716733149398,0.12964239191042123,1.00164115428925,,0.5561181773075443,0.220585358289919,0.12267152739292135,,0.192659591771697,,0.6362275257820637,0.12257533539108921,46.1,28.2,99.3,8.299999999999997,110.3,9.399999999999991,6.452980930191856,52.55298093019186,0.19962658912117118,0.21671018276762397,125.714904,36.670274194378734,300.7885880954447,270.7915394186551,269.2638986576117,23.871365293464464,21.04458922063523,15.985282287284974,141.70018628728496,0.18526608515762,0.18980178246910548,,,,,,,0.557030853,0.2300364248,0.1281373859,1.1561181435,1.1682740542,0.8356555304,356.9,82.1,71.1,11.1,584.4167406084,98.7398099442,683.1565505526,349.5,483.9,0.7626009164,0.2034334764,0.1551385555,0.2167101828,0.1898017825
1965,392.1,94.4,81.8,12.600000000000001,629.5138499735924,110.67590041194181,740.1897503855342,0.5739533635194033,0.24075490946187197,0.13818209006945084,384.0,517.4,0.7935523868567886,0.21302083333333333,0.1690431907418888,1.1540342298288508,1.1689544516493922,0.8280050285627116,0.8174365939438539,0.6570653667453633,0.13996861197856958,1.0422728061676,,0.5506747946632219,0.219946910024922,0.12111921951478406,,0.190427037640423,,0.6304159168858767,0.12004823553394864,55.1,30.5,112.3,13.0,124.9,14.600000000000009,11.936090467721513,67.03609046772152,0.27781487827291373,0.3217821782178218,148.80844000000002,37.027469678467156,337.3171353176044,303.2883450453721,298.9021431197172,36.528547222159716,32.49680562671705,29.63824446210549,178.4466844621055,0.25778757374461897,0.25849604615469496,,,,,,,0.5739533635,0.2407549095,0.1381820901,1.1540342298,1.1689544516,0.8280050286,392.1,94.4,81.8,12.6,629.5138499736,110.6759004119,740.1897503855,384.0,517.4,0.7935523869,0.2130208333,0.1690431907,0.3217821782,0.2584960462
1966,429.40000000000003,102.0,88.0,13.999999999999996,689.3389442732511,124.34313597668942,813.6820802499404,0.5801215158360993,0.23754075454122028,0.13780250259730348,420.70000000000005,563.4,0.8131039814456901,0.20917518421678152,0.17008117510630075,1.1590909090909092,1.1758117004361137,0.8219040772839302,0.8102160777709638,0.6682934776060099,0.13979041128911068,1.06474781036377,,0.5448440562069824,0.218318123616617,0.118949332014775,,0.187049693907726,,0.6276542399065259,0.11740253345440209,63.8,33.5,121.5,9.200000000000003,135.5,10.599999999999994,13.667235564747614,77.46723556474761,0.15812377968407912,0.19956616052060744,170.00592000000003,37.528104903640994,361.0627297805643,323.75735548589347,331.3333734702538,23.7455944629599,20.469010440521345,32.431230350536566,202.4371503505366,0.13306828610762145,0.13755275198450667,,,,,,,0.5801215158,0.2375407545,0.1378025026,1.1590909091,1.1758117004,0.8219040773,429.4,102.0,88.0,14.0,689.3389442733,124.3431359767,813.6820802499,420.7,563.4,0.8131039814,0.2091751842,0.1700811751,0.1995661605,0.137552752
1967,451.3,101.5,85.4,16.099999999999998,753.3311352268145,137.24580548411166,890.5769407109261,0.5546392269833118,0.22490582760912917,0.12474159436916939,442.5,610.8,0.7854100106496273,0.19299435028248588,0.15157969471068514,1.1885245901639343,1.1803802570704613,0.8173047594082695,0.8229439609788057,0.64191933979084,0.12388680591669547,1.04273521900177,0.86997,0.531908021208182,0.215716136037976,0.11474114306263482,0.9028012582613507,0.182564625625063,0.16481957372831932,0.6156110660627359,0.1123888038063893,64.9,36.9,122.30000000000001,0.8000000000000114,138.4,2.9000000000000057,12.902669507422232,77.80266950742224,0.03743518119445694,0.014519056261343219,169.1005,38.37954352589141,360.60877041602464,318.65933975346695,357.6014534709711,-0.4539593645396849,-5.098015732426518,26.268080000717305,195.36858000071732,-0.0022424706322610095,-0.029987283574751496,,,,,,,0.554639227,0.2249058276,0.1247415944,1.1885245902,1.1803802571,0.8173047594,451.3,101.5,85.4,16.1,753.3311352268,137.2458054841,890.5769407109,442.5,610.8,0.7854100106,0.1929943503,0.1515796947,0.0145190563,-0.0299872836
1968,499.4,110.3,91.6,18.599999999999998,835.8512661760232,150.87303700128405,986.7243031773072,0.5607600839084617,0.2208650380456548,0.12385229726692695,488.5,672.6,0.7997707924034054,0.18751279426816786,0.14996725605762934,1.203056768558952,1.182185229132723,0.8107988259586524,0.8251135198371666,0.6484532195167022,0.12159327514376647,1.05709373950958,0.8734090000000001,0.5304733752075916,0.212349903025802,0.11264596978310197,0.9156887465132663,0.177230400904817,0.16228788364857555,0.6134301957152264,0.10871847951372994,71.0,40.7,132.3,10.0,151.0,12.599999999999994,13.62723151717239,84.62723151717239,0.16194817067039038,0.15673981191222572,179.08142400000003,39.64676984029342,380.8633101971832,333.69679429859167,380.5430747802062,20.25453978115854,15.037454545124717,22.94162130923513,202.02304530923516,0.10367347595546927,0.08892613886490411,,,,,,,0.5607600839,0.220865038,0.1238522973,1.2030567686,1.1821852291,0.810798826,499.4,110.3,91.6,18.6,835.851266176,150.8730370013,986.7243031773,488.5,672.6,0.7997707924,0.1875127943,0.1499672561,0.1567398119,0.0889261389
1969,542.6,111.0,87.9,23.20000000000001,928.3262407092185,171.15395912880993,1099.4801998380285,0.5499003097955506,0.2045705860670844,0.11249342865334706,531.6,741.1,0.7903657448706513,0.16534988713318285,0.13068688670829617,1.2639362912400456,1.1805022533393057,0.8046886177215603,0.8615613771249068,0.6359983187344357,0.10516225021963299,1.04945170879364,0.874147,0.5239881980159612,0.20852021895652,0.10926213378092059,0.9041565604762715,0.171409941603121,0.15498142323131645,0.6060291420798438,0.10387941985369556,79.2,45.2,133.10000000000002,0.8000000000000114,156.2,5.199999999999989,20.280922127525884,99.48092212752589,0.061445942479458455,0.012326656394453179,192.18338400000005,41.210638688722426,379.0283406666667,322.9748536666668,415.3149880097524,-1.8349695305165028,-10.721940631924895,34.771913229546215,226.95529722954626,-0.009082971339768335,-0.059871874996509374,,,,,,,0.5499003098,0.2045705861,0.1124934287,1.2639362912,1.1805022533,0.8046886177,542.6,111.0,87.9,23.2,928.3262407092,171.1539591288,1099.480199838,531.6,741.1,0.7903657449,0.1653498871,0.1306868867,0.0123266564,-0.059871875
1970,559.8,102.60000000000001,75.4,27.20000000000001,1032.4109896184032,180.55257216240722,1212.9635617808103,0.5091496873545042,0.18327974276527334,0.09331682372735287,547.8,815.7,0.7391715018216164,0.1376414749908726,0.10174065578194576,1.3607427055702919,1.184368330467587,0.79831848708038,0.917202892100016,0.5900942750271652,0.08122144639840866,0.984412431716919,0.8124809999999999,0.5172117609958394,0.204613379176295,0.10582844616708095,0.909770815344133,0.165568865567056,0.15062972182254367,0.5994380566669385,0.09924827902006564,81.4,50.1,125.5,-7.600000000000023,152.70000000000002,-3.4999999999999716,9.398613033597286,90.79861303359729,-0.03518262522248513,-0.10704225352112708,188.668224,43.14452019222909,353.92675435872235,290.8828269287469,418.4832079669927,-25.10158630794433,-32.092026737919866,3.1682199572402965,191.8364439572403,-0.11060145594467521,-0.1669864796319741,,,,,,,0.5091496874,0.1832797428,0.0933168237,1.3607427056,1.1843683305,0.7983184871,559.8,102.6,75.4,27.2,1032.4109896184,180.5525721624,1212.9635617808,547.8,815.7,0.7391715018,0.137641475,0.1017406558,-0.1070422535,-0.1669864796
1971,604.1,116.00000000000001,88.2,27.800000000000008,1145.8564474489679,192.3602938159656,1338.2167412649335,0.4980363953498254,0.1920211885449429,0.09563354057371255,591.3000000000001,895.2,0.7248988598749541,0.1491628614916286,0.10812798823096727,1.3151927437641724,1.1748843958249056,0.7900923258299457,0.8844476082310354,0.5727370261900784,0.08543109370871792,0.973544180393219,0.7961499999999999,0.511570409828413,0.200976476841728,0.10281361862379335,0.9105053819945415,0.160111691227676,0.1457825565830472,0.5883010116282008,0.09419386992274391,84.6,54.9,143.1,17.599999999999994,170.9,18.19999999999999,11.807721653558389,96.40772165355838,0.20044359040226337,0.22222222222222215,187.64563199999998,45.08498231389687,379.0619209078014,317.40059029787227,426.66157097875356,25.13516654907903,26.517763369125362,8.178363011760837,195.82399501176081,0.13102393909408358,0.1405523559130199,,,,,,,0.4980363953,0.1920211885,0.0956335406,1.3151927438,1.1748843958,0.7900923258,604.1,116.0,88.2,27.8,1145.856447449,192.360293816,1338.2167412649,591.3,895.2,0.7248988599,0.1491628615,0.1081279882,0.2222222222,0.1405523559
1972,671.5,131.7,101.9,29.799999999999983,1256.3166880969834,217.69574074296509,1474.0124288399484,0.5017871763921236,0.19612807148175723,0.09841455120006355,657.0,972.2,0.7339142091152815,0.15509893455098936,0.11382931188561216,1.2924435721295386,1.1678746881812458,0.7812496949273123,0.8645800415534534,0.5733702519741334,0.08892911518442038,1.00391101837158,0.8466809999999999,0.4998323229941838,0.197743471317657,0.09883857862563825,0.8668131316461354,0.155163248360361,0.1344975412276316,0.5711365265262089,0.08861939871306006,96.2,59.8,161.7,18.599999999999994,191.5,20.599999999999994,25.33544692699948,121.53544692699948,0.21367583059400774,0.22850122850122842,206.957708,46.482926840299186,411.9792212266112,347.86966095218287,468.3348393505849,32.917300318809794,30.4690706543106,41.67326837183134,248.63097637183134,0.16809635773610299,0.16237559238421603,,,,,,,0.5017871764,0.1961280715,0.0984145512,1.2924435721,1.1678746882,0.7812496949,671.5,131.7,101.9,29.8,1256.316688097,217.695740743,1474.0124288399,657.0,972.2,0.7339142091,0.1550989346,0.1138293119,0.2285012285,0.1623755924
1973,753.3000000000001,145.2,109.6,35.6,1429.5600183096162,255.48484004450162,1685.0448583541179,0.5110540354078623,0.19275189167662282,0.09850663207383724,735.7,1097.4,0.7567372968524995,0.14897376648090252,0.11273400534869367,1.3248175182481752,1.1732809432570077,0.7738494674242117,0.8737969680856255,0.5856007541493443,0.08723914999968482,1.00486552715302,0.883077,0.5085795279053686,0.194958557200502,0.09915193098214312,0.8569324043684746,0.150739249828217,0.12917334778799416,0.5827652937885783,0.08784560321161078,114.8,67.0,176.6,14.900000000000006,212.2,20.69999999999999,37.78909930153654,152.58909930153652,0.17032068029036407,0.17612293144208047,237.27329999999998,48.3830249758401,438.5835736933798,365.00404860627174,528.0464381300613,26.604352466768603,17.13438765408887,59.71159877947645,296.98489877947645,0.10700337043676085,0.08279173469629297,,,,,,,0.5110540354,0.1927518917,0.0985066321,1.3248175182,1.1732809433,0.7738494674,753.3,145.2,109.6,35.6,1429.5600183096,255.4848400445,1685.0448583541,735.7,1097.4,0.7567372969,0.1489737665,0.1127340053,0.1761229314,0.0827917347
1974,808.5,142.4,97.7,44.70000000000001,1763.5896893717154,305.8594920722974,2069.449181444013,0.47980918489594954,0.17612863327149042,0.08450813596683143,791.1,1346.4,0.720885729907053,0.12349892554670712,0.08902861308547476,1.4575230296827022,1.1787157144661893,0.7676487772074244,0.9492244463664363,0.5533870490694308,0.06834270597153759,0.884328484535217,0.851318,0.5425689585789226,0.192649494373508,0.10452563553299025,0.8467878394525348,0.146854776010743,0.12435483849142301,0.6257709196829485,0.09189744824407606,131.2,78.9,176.60000000000002,0.0,221.3,9.100000000000023,50.374652027795804,181.5746520277958,0.05963728760215828,0.0,246.519236,53.22099894873923,415.8133149908537,331.82391065243917,574.6970145503874,-22.770258702526064,-33.18013795383257,46.65057642032605,293.169812420326,-0.07667143614407788,-0.1398393243311935,,,,,,,0.4798091849,0.1761286333,0.084508136,1.4575230297,1.1787157145,0.7676487772,808.5,142.4,97.7,44.7,1763.5896893717,305.8594920723,2069.449181444,791.1,1346.4,0.7208857299,0.1234989255,0.0890286131,0.0,-0.1398393243
1975,865.4,166.10000000000002,118.7,47.40000000000003,1983.0408217262743,319.4743310918299,2302.515152818104,0.4181789085519579,0.19193436561127805,0.08026290352493669,850.0,1495.4,0.6313131313131313,0.1396470588235294,0.08816102198455139,1.3993260320134797,1.1734300749860138,0.7634428847674084,0.9104125805052636,0.4819715181612426,0.06730590494792883,0.853546917438507,0.7581140000000001,0.48993078178632776,0.190822457147913,0.09348979561286504,0.8327416870195395,0.14350751478916,0.11950468996550662,0.5646690396441691,0.08103425055771638,134.0,94.5,213.2,36.599999999999966,260.6,39.30000000000001,13.614839019532496,147.6148390195325,0.216439902602616,0.3188153310104527,221.52964400000002,60.488518638164734,430.8255613910449,352.4635828417911,528.1569763724718,15.012246400191202,20.639672189351927,-46.54003817791556,174.98960582208446,0.05120665827171766,0.08372438810151077,,,,,,,0.4181789086,0.1919343656,0.0802629035,1.399326032,1.173430075,0.7634428848,865.4,166.1,118.7,47.4,1983.0408217263,319.4743310918,2302.5151528181,850.0,1495.4,0.6313131313,0.1396470588,0.088161022,0.318815331,0.0837243881
1976,977.4000000000001,190.70000000000002,145.1,45.70000000000002,2204.961979321552,356.5855886169328,2561.547567938485,0.4244923204104592,0.195109474114999,0.08282247340114034,958.4000000000001,1643.8,0.640898756185636,0.15139816360601,0.09703089474388123,1.3149552033080636,1.1611032549565579,0.7540944107737663,0.8540156657037298,0.48329816991144686,0.07317045539873844,0.879995822906494,0.7977580000000001,0.4823799265414975,0.189318124891222,0.09132326317800171,0.8033749033988201,0.140461606284578,0.11284332938011594,0.5492050727186245,0.07714222669369646,148.6,104.7,249.8,36.60000000000002,295.40000000000003,34.80000000000001,37.11125752510287,185.71125752510287,0.23574865664687852,0.27896341463414653,232.46924800000002,63.922433301801696,462.1225831709288,390.786124834455,557.8410742490966,31.29702177988389,38.3225419926639,29.68409787662472,262.1533458766247,0.1788507473506982,0.17299058176008217,,,,,,,0.4244923204,0.1951094741,0.0828224734,1.3149552033,1.161103255,0.7540944108,977.4,190.7,145.1,45.7,2204.9619793216,356.5855886169,2561.5475679385,958.4,1643.8,0.6408987562,0.1513981636,0.0970308947,0.2789634146,0.1729905818
1977,1105.5,220.70000000000002,172.7,47.99999999999999,2477.8222116408647,402.9218074965217,2880.744019137386,0.4315750423052649,0.19963817277250115,0.08615885286003797,1087.1,1829.9,0.6613334955590704,0.15886303008002944,0.10506144299793162,1.2779386218876665,1.1617196087556354,0.745500382961607,0.820080615699655,0.4930243742046252,0.07832334598945706,0.901091992855072,0.8341580000000001,0.47894670658190797,0.187987952399458,0.0900362106787969,0.7928156243290484,0.137442115470218,0.10896625658562605,0.5471410001574847,0.07520021652213559,177.4,118.1,290.79999999999995,40.99999999999994,338.8,43.39999999999998,46.3362188795889,223.7362188795889,0.23369611825569345,0.3059701492537309,260.46270400000003,68.10955936324764,497.4338450687712,426.9591562750845,591.5789373230639,35.31126189784237,36.17303144062953,33.73786307396733,294.20056707396736,0.134696972032776,0.15560351208530396,,,,,,,0.4315750423,0.1996381728,0.0861588529,1.2779386219,1.1617196088,0.745500383,1105.5,220.7,172.7,48.0,2477.8222116409,402.9218074965,2880.7440191374,1087.1,1829.9,0.6613334956,0.1588630301,0.105061443,0.3059701493,0.1556035121
1978,1263.6999999999998,253.10000000000002,195.6,57.500000000000014,2835.8341845926316,448.6215129892695,3284.455697581901,0.4386713958633519,0.20028487773996997,0.08785924688851342,1241.8999999999999,2081.5,0.6786709656265368,0.15750060391335857,0.10689108694464178,1.2939672801635993,1.162611266298117,0.7385114199893312,0.8219511036875803,0.5012062585303844,0.07894028840369045,0.911491215229034,0.85072,0.4812678263203285,0.186741213219735,0.08987253777068285,0.7977606799258709,0.134283491256453,0.10712608928756769,0.549875029135025,0.07383913866699496,218.2,134.4,330.0,39.200000000000045,387.5,48.69999999999999,45.699705492747796,263.8997054927478,0.2176670377459517,0.2637954239569317,301.856376,72.28603314312632,536.064829055912,456.5197253895509,620.6199088294126,38.63098398714084,29.560569114466375,29.040971506348683,330.8973475063487,0.13130832605576967,0.11349252181021038,,,,,,,0.4386713959,0.2002848777,0.0878592469,1.2939672802,1.1626112663,0.73851142,1263.7,253.1,195.6,57.5,2835.8341845926,448.6215129893,3284.4556975819,1241.9,2081.5,0.6786709656,0.1575006039,0.1068910869,0.263795424,0.1134925218
1979,1400.1000000000001,263.1,190.7,72.39999999999999,3283.9472079486036,512.0243736088548,3795.971581557458,0.42628067750488735,0.18791514891793443,0.08010459699416889,1373.9,2399.7,0.6600528465049244,0.13880195065143022,0.09161662262791256,1.379653906659675,1.1581973711392135,0.7339991919517002,0.8743456667192582,0.484478255980034,0.06724652697823166,0.88534152507782,0.850005,0.4814872740408488,0.18560330137517,0.08936562763211273,0.77652819278113,0.131034761398955,0.10175218646063709,0.5472218824678411,0.07170508880146056,259.5,155.3,346.0,16.0,418.40000000000003,30.900000000000034,63.40286061958534,322.90286061958534,0.11708993741506542,0.09019165727170236,332.71522000000004,77.99462855952306,536.4471986435453,443.62029333333334,656.48671333577,0.3823695876333204,-12.899432056217563,35.866804506357425,368.58202450635747,0.0011555534987356892,-0.04273367429620755,,,,,,,0.4262806775,0.1879151489,0.080104597,1.3796539067,1.1581973711,0.733999192,1400.1,263.1,190.7,72.4,3283.9472079486,512.0243736089,3795.9715815575,1373.9,2399.7,0.6600528465,0.1388019507,0.0916166226,0.0901916573,-0.0427336743
1980,1504.4,255.7,166.0,89.69999999999999,3800.0711216002474,555.6651749830419,4355.736296583289,0.3963148742496002,0.16996809359212975,0.06736088363840917,1483.2,2761.2,0.6180772596574573,0.11192017259978425,0.06917531358086428,1.5403614457831325,1.155917358345326,0.7307364729224834,0.9737705570306656,0.4516515967156843,0.05054892465938753,0.834066033363342,0.807607,0.4751600693430404,0.184735198756684,0.08777878985132632,0.7653193442571168,0.127977118740833,0.09794336459464949,0.541505802477551,0.06930035238251961,284.6,180.0,346.0,0.0,435.7,17.299999999999955,43.64080137418705,328.2408013741871,0.053576484168659115,0.0,336.517984,84.5720031414428,515.182310712579,409.11884210822205,657.032060661632,-21.264887930966324,-34.50145122511128,0.5453473258620534,337.06333132586207,-0.05769377375211508,-0.103696642507401,,,,,,,0.3963148742,0.1699680936,0.0673608836,1.5403614458,1.1559173583,0.7307364729,1504.4,255.7,166.0,89.7,3800.0711216002,555.665174983,4355.7362965833,1483.2,2761.2,0.6180772597,0.1119201726,0.0691753136,0.0,-0.1036966425
1981,1697.8,303.2999999999999,193.6,109.69999999999993,4326.983953050354,618.2344737387148,4945.218426789069,0.38978484563718474,0.1786429496996112,0.06963231457283431,1680.9,3125.3,0.6087570621468927,0.11517639359866737,0.07011444299579893,1.5666322314049583,1.1462249408503296,0.7266179794122462,0.9931236931741224,0.4423338264501104,0.050946414897222535,0.843342185020447,0.795681,0.46219061794914756,0.184320854241447,0.08519136952276915,0.765076785981936,0.125469408511203,0.09599373180280575,0.5245010083770277,0.0658088312845952,324.4,208.3,401.9,55.89999999999998,511.5999999999999,75.89999999999992,62.56929875567289,386.96929875567287,0.23123267942998849,0.21541425818882456,350.21645600000005,92.6284286310064,552.3142382540075,433.88407418742304,667.4349148267503,37.13192754142847,24.765232079200985,10.402854165118242,360.6193101651183,0.11016305866131283,0.0735925961068428,,,,,,,0.3897848456,0.1786429497,0.0696323146,1.5666322314,1.1462249409,0.7266179794,1697.8,303.3,193.6,109.7,4326.9839530504,618.2344737387,4945.2184267891,1680.9,3125.3,0.6087570621,0.1151763936,0.070114443,0.2154142582,0.0735925961
1982,1751.1999999999998,296.1,173.1,123.0,4638.957776099302,632.4657606176995,5271.423536717001,0.35411984848100114,0.16908405664687073,0.05987602052034288,1735.8999999999999,3318.6,0.5554346782708859,0.09971772567544214,0.055386682878443665,1.7105719237435009,1.1428788459691153,0.7222813936707082,1.081054459458276,0.4011801335145369,0.040004770500239845,0.820055425167084,0.7360720000000001,0.43182428603389855,0.184396864719059,0.07962704445419704,0.7545928635661808,0.123709704751775,0.09335046035956866,0.48921099867462936,0.06052014820735938,327.1,231.6,404.7,2.8000000000000114,527.7,16.100000000000136,14.231286878984747,341.33128687898477,0.041605367794734165,0.009838369641602288,334.888228,97.67437988295008,540.2644998948334,414.33587854356466,647.5247259062476,-12.049738359174057,-19.548195643858378,-19.91018892050272,314.9780390794973,-0.03341401311443026,-0.05581746748033558,,,,,,,0.3541198485,0.1690840566,0.0598760205,1.7105719237,1.142878846,0.7222813937,1751.2,296.1,173.1,123.0,4638.9577760993,632.4657606177,5271.423536717,1735.9,3318.6,0.5554346783,0.0997177257,0.0553866829,0.0098383696,-0.0558174675
1983,1888.6999999999996,344.0999999999999,224.8,119.29999999999988,4822.675106371553,673.2874813221468,5495.9625876937,0.35829031510077947,0.1821888071160057,0.06527648510942881,1876.2999999999997,3415.3,0.5653890194660398,0.11981026488301447,0.06773940818417405,1.5306939501779353,1.1363378998352325,0.7153762030553481,0.9636412076697083,0.40446584999480184,0.04845916062401081,0.858657002449036,0.749042,0.4172682620404591,0.18494261853671,0.07717068501402458,0.7548161778191874,0.122793387419147,0.09268643535319124,0.4710447231446274,0.05784117718084307,323.7,240.7,465.5,60.80000000000001,584.8,57.09999999999991,40.82172070444733,364.5217207044473,0.16728615920943715,0.18742293464858203,335.079964,96.60380648721807,605.3591688205129,481.8650702564103,696.9575069603819,65.09466892567946,67.52919171284566,49.43278105413435,384.51274505413437,0.20666415066877158,0.2016469558101208,,,,,,,0.3582903151,0.1821888071,0.0652764851,1.5306939502,1.1363378998,0.7153762031,1888.7,344.1,224.8,119.3,4822.6751063716,673.2874813221,5495.9625876937,1876.3,3415.3,0.5653890195,0.1198102649,0.0677394082,0.1874229346,0.2016469558
1984,2133.2,423.69999999999993,282.0,141.59999999999994,5136.971843292613,745.4861043802233,5882.457947672836,0.38813946892152446,0.19862178886180384,0.0770929556450637,2118.4,3618.4,0.620267619242819,0.133119335347432,0.08256961321113811,1.5021276595744677,1.139608716422266,0.7081754264324841,0.9334518774258067,0.4392582857595451,0.058473771046163005,0.924870848655701,0.804315,0.41966883212470674,0.185784535394395,0.077967978995797,0.7711749989031897,0.122575739422399,0.09452734571462622,0.4749401350448083,0.05821613823449141,383.6,253.2,535.2,69.70000000000005,676.8999999999999,92.09999999999991,72.19862305807646,455.7986230580765,0.25265984101582306,0.21308468358300225,399.07718000000006,96.12175770110433,704.2110092335765,556.7938131803963,775.564369825978,98.85184041306366,74.92874292398602,78.6068628655961,477.68404286559615,0.2570833910827757,0.22361451287486117,,,,,,,0.3881394689,0.1986217889,0.0770929556,1.5021276596,1.1396087164,0.7081754264,2133.2,423.7,282.0,141.6,5136.9718432926,745.4861043802,5882.4579476728,2118.4,3618.4,0.6202676192,0.1331193353,0.0825696132,0.2130846836,0.2236145129
1985,2276.8,445.29999999999995,294.4,150.79999999999993,5450.733993443455,816.6092674480941,6267.343260891549,0.38704909074628013,0.19558151791988754,0.07569964867766976,2254.8,3819.3,0.623148352863144,0.13056590384956535,0.08136192792394428,1.512228260869565,1.145121703431879,0.7043838491590284,0.9301973406023507,0.4389356353868498,0.05731002796606731,0.935598075389862,0.7922939999999999,0.41369162776975305,0.186721608806746,0.0772451662870498,0.7865115132301191,0.122882109796419,0.09664819412489116,0.469149784434888,0.057650115321894214,412.5,272.0,566.4,31.199999999999932,717.3,40.40000000000009,71.12316306787079,483.6231630678708,0.08863563415120815,0.0963855421686745,427.66714800000005,96.45351576081312,743.6742915403637,587.2258730356364,846.6350459148986,39.463282306787164,30.432059855240027,71.07067608892055,498.7378240889206,0.08261377556187442,0.0762560762187405,,,,,,,0.3870490907,0.1955815179,0.0756996487,1.5122282609,1.1451217034,0.7043838492,2276.8,445.3,294.4,150.8,5450.7339934435,816.6092674481,6267.3432608915,2254.8,3819.3,0.6231483529,0.1305659038,0.0813619279,0.0963855422,0.0762560762
1986,2372.3999999999996,432.3999999999999,274.7,157.7999999999999,5739.714132823804,863.7334582791135,6603.447591102918,0.3785335988861281,0.18226268757376496,0.06899255106995522,2350.7999999999997,3989.7,0.6155054591155447,0.11685383699166242,0.07192417458696619,1.5744448489261007,1.1498163859088284,0.7006946228882451,0.9594619220916982,0.43128136556062274,0.05039688238876258,0.929214417934418,0.78649,0.40736948499742737,0.187680986934448,0.07645550699129498,0.7825979467196591,0.123643090181871,0.09676282850240589,0.46413546457806004,0.05738714310342967,402.3,290.1,564.8,-1.6000000000000227,722.5,5.2000000000000455,47.124190831019405,449.4241908310194,0.01075217317345548,-0.004171011470281602,413.22303600000004,97.35662461954323,742.1169363907533,580.1351497211036,887.1850905415727,-1.55735514961043,-7.090723314532738,40.550044626674094,453.77308062667413,-0.0031225928221011914,-0.016580004678153903,,,,,,,0.3785335989,0.1822626876,0.0689925511,1.5744448489,1.1498163859,0.7006946229,2372.4,432.4,274.7,157.8,5739.7141328238,863.7334582791,6603.4475911029,2350.8,3989.7,0.6155054591,0.116853837,0.0719241746,-0.0041710115,-0.0165800047
1987,2552.2999999999997,478.9,319.8,159.10000000000002,6092.1964278163705,1001.0835274673241,7093.279955283695,0.38651022284765507,0.18763468244328646,0.07252272292510364,2526.1,4197.6,0.633155375090859,0.12659831360595386,0.08015640273704791,1.4974984365228268,1.1504837067302125,0.6951043044433227,0.9047651896631832,0.4401090266070827,0.05571706057121454,0.948412120342255,0.812016,0.40753403985197334,0.188678601850119,0.076892952845601,0.7797326346905221,0.124866451121456,0.09736244691738818,0.46404829416167714,0.057944063640934095,403.3,306.7,626.5,61.700000000000045,785.5999999999999,63.09999999999991,137.35006918821057,540.6500691882106,0.14040187708481652,0.1495757575757577,411.82762399999996,97.92932200196461,802.2112110448794,639.7471024944209,1022.2510551510209,60.09427465412614,59.611952773317284,135.0659646094482,546.8935886094482,0.13243243643085692,0.14426096219213994,,,,,,,0.3865102228,0.1876346824,0.0725227229,1.4974984365,1.1504837067,0.6951043044,2552.3,478.9,319.8,159.1,6092.1964278164,1001.0835274673,7093.2799552837,2526.1,4197.6,0.6331553751,0.1265983136,0.0801564027,0.1495757576,0.1442609622
1988,2780.8999999999996,548.5,369.6,178.90000000000006,6531.132870828345,1033.0372161461623,7564.170086974507,0.39204712312652235,0.19723830414613977,0.07732670971084812,2736.7,4462.9,0.6519677911187344,0.13505316622209232,0.0880503144654088,1.4840367965367967,1.1643222669079538,0.6890125835132582,0.878210488858918,0.4492140121261515,0.06066777464896613,0.971393048763275,0.843358,0.40359267922048186,0.189676575757035,0.07655207739514845,0.7730617260033513,0.126492532256054,0.0977865353123997,0.46244309931810446,0.05849559865708491,433.2,329.1,698.7,72.20000000000005,877.6,92.00000000000011,31.95368867883826,465.15368867883825,0.17016551970138222,0.17946805866268964,431.959904,100.28708590508437,875.0877464228994,696.699872864266,1030.0800016503315,72.87653537801998,56.9527703698451,7.828946499310632,439.7888504993106,0.13325542097379225,0.13829273960953406,,,,,,,0.3920471231,0.1972383041,0.0773267097,1.4840367965,1.1643222669,0.6890125835,2780.9,548.5,369.6,178.9,6531.1328708283,1033.0372161462,7564.1700869745,2736.7,4462.9,0.6519677911,0.1350531662,0.0880503145,0.1794680587,0.1382927396
1989,2930.2999999999997,574.4,358.4,216.00000000000009,6967.269512947614,1085.42604844515,8052.695561392764,0.38739213506660475,0.19602088523359384,0.07593694924828781,2878.7,4728.2,0.645029017006879,0.12450064265119672,0.08030652714602612,1.6026785714285716,1.1581712141794387,0.6833270870868026,0.9455887578130124,0.4407657992777742,0.05487562526875127,0.967775762081146,0.838114,0.40029121439613274,0.190626244839967,0.07630601104276492,0.7696196663065871,0.128479008715332,0.0988799718148949,0.4554420729962618,0.058514746065815595,471.5,351.1,709.5,10.799999999999955,925.5,47.89999999999998,52.38883229898761,523.8888322989876,0.10297671751469686,0.02677907265063217,461.44464000000005,102.17910430165576,905.762490604454,694.3689757794275,1062.277904923425,30.674744181554615,-2.3308970848385115,32.197903273093516,493.64254327309357,0.06974879910377059,-0.005396095941438379,,,,,,,0.3873921351,0.1960208852,0.0759369492,1.6026785714,1.1581712142,0.6833270871,2930.3,574.4,358.4,216.0,6967.2695129476,1085.4260484451,8052.6955613928,2878.7,4728.2,0.645029017,0.1245006427,0.0803065271,0.0267790727,-0.0053960959
1990,3064.9,579.8,358.4,221.49999999999994,7416.819551621183,1117.8659765449588,8534.685528166141,0.3806054726188986,0.18917419817938594,0.07200073510536638,3004.0,4993.1,0.6353369146821201,0.11930758988015978,0.07580051605262045,1.6180245535714284,1.1557893011642582,0.6786302713298742,0.9500351324436823,0.43115886279661225,0.0514405247757343,0.960640132427216,0.8250419999999999,0.396199846093496,0.191554179526118,0.07589373644681385,0.7700661477623201,0.130869630306398,0.10077827206912689,0.4488245371419349,0.05873750124820522,502.1,373.4,731.8,22.299999999999955,953.1999999999999,27.699999999999932,32.43992809980887,534.5399280998089,0.05287381271031049,0.05147737765466287,483.49428000000006,103.8481778936454,917.8784060864369,704.6825614499104,1076.4425522129093,12.115915481982938,10.313585670482894,14.164647289484265,497.6589272894843,0.024543904586603178,0.022350645725309308,,,,,,,0.3806054726,0.1891741982,0.0720007351,1.6180245536,1.1557893012,0.6786302713,3064.9,579.8,358.4,221.5,7416.8195516212,1117.865976545,8534.6855281661,3004.0,4993.1,0.6353369147,0.1193075899,0.0758005161,0.0514773777,0.0223506457
1991,3149.4,592.1,380.8,211.29999999999998,7670.814119372146,1136.620520775428,8807.434640147574,0.36901183876152915,0.18800406426620944,0.06937572544951463,3075.3,5105.1,0.6159099557389197,0.12382531785516859,0.07626524603953455,1.5548844537815125,1.1507203955502212,0.6732130888783183,0.9096636941753453,0.41463864377390647,0.051342761860339994,0.958979725837708,0.798462,0.3847962879915759,0.19254068779429,0.07408894195058773,0.77137040427587,0.133668356749202,0.10310781438452316,0.4323747756103005,0.057794825755633814,482.4,392.4,773.2,41.40000000000009,984.5,31.300000000000068,18.754544230469264,501.15454423046924,0.05855502714505502,0.08780487804878068,458.78164000000004,105.1480612868466,936.2987657131013,735.3440382421228,1080.9714481322658,18.42035962666432,30.661476792212397,4.528895919356501,463.31053591935654,0.0370140242977081,0.06341642095995922,,,,,,,0.3690118388,0.1880040643,0.0693757254,1.5548844538,1.1507203956,0.6732130889,3149.4,592.1,380.8,211.3,7670.8141193721,1136.6205207754,8807.4346401476,3075.3,5105.1,0.6159099557,0.1238253179,0.076265246,0.087804878,0.063416421
1992,3310.0,608.6,423.1,185.50000000000003,8013.034801142843,1197.2066482062226,9210.241449349065,0.37581885477886884,0.18386706948640483,0.06910071148592736,3240.2,5275.6,0.6346986346986346,0.1305783593605333,0.08287790640731817,1.4384306310564878,1.1481746921627218,0.6655225795535052,0.8337651671160667,0.4224062726037232,0.05515711806019237,0.975646138191223,0.8057510000000001,0.38519996140773916,0.193642535828026,0.07459109732785237,0.7877106385206281,0.136763451460635,0.10773002567634173,0.43295028399008856,0.05921177514934662,495.3,402.3,825.4000000000001,52.200000000000045,1010.9000000000001,26.40000000000009,60.58612743079448,555.8861274307944,0.052678361004463624,0.10396335391356312,475.77158000000003,104.1045789241972,971.0427826004443,792.856576079144,1150.0038332396098,34.74401688734304,57.51253783702123,69.032385107344,544.8039651073441,0.07499077658227603,0.12535928385674114,,,,,,,0.3758188548,0.1838670695,0.0691007115,1.4384306311,1.1481746922,0.6655225796,3310.0,608.6,423.1,185.5,8013.0348011428,1197.2066482062,9210.2414493491,3240.2,5275.6,0.6346986347,0.1305783594,0.0828779064,0.1039633539,0.1253592839
1993,3471.4,641.1999999999999,466.8,174.5,8456.67930893906,1248.1807153567675,9704.860024295827,0.3769065142418543,0.1847093391715158,0.0696181531750524,3403.1,5523.9,0.6450640685419667,0.1371690517469366,0.0884828265979225,1.37382176520994,1.1494073940669112,0.6583772728963536,0.7869211838147625,0.4246955222900866,0.05825508207370116,0.979155540466309,0.814481,0.3849301757127962,0.194871082932923,0.07501176019471292,0.7919940042087743,0.139944494290094,0.1108352003997835,0.43373652574935273,0.060699038751135505,545.4,420.4,887.2,61.799999999999955,1061.6,50.69999999999982,50.9740671505449,596.3740671505449,0.0912057299114948,0.12810945273631832,524.089052,104.06628375820375,1020.119064178951,852.5335660696736,1199.409328632215,49.07628157850672,59.67698999052959,49.40549539260519,573.4945473926052,0.09008062481490402,0.12543201926968733,,,,,,,0.3769065142,0.1847093392,0.0696181532,1.3738217652,1.1494073941,0.6583772729,3471.4,641.2,466.8,174.5,8456.6793089391,1248.1807153568,9704.8600242958,3403.1,5523.9,0.6450640685,0.1371690517,0.0884828266,0.1281094527,0.1254320193
1994,3737.0,729.9000000000001,550.3,179.60000000000008,8977.803393596974,1497.3096862916916,10475.113079888666,0.38506480161944967,0.19531709927749535,0.07520974008617509,3665.6,5823.9,0.6635891308676841,0.15012549105194237,0.09962164412824273,1.3263674359440307,1.1475970259434325,0.6531996541669741,0.7549538129420728,0.4334561907917342,0.06507282349211352,1.01144421100616,0.835745,0.38070790007923083,0.1961402630563,0.07467214766915191,0.7940090947210982,0.142939430572367,0.11349520786871438,0.4285517540908584,0.061256943700536345,600.7,445.2,995.5,108.29999999999995,1175.1000000000001,113.50000000000023,249.12897093492415,849.8289709349242,0.19031679318703343,0.21865536038764374,575.2506079999999,104.42405303811519,1125.31544774563,953.3244219477275,1433.8743256260775,105.19638356667906,100.79085587805389,234.46499699386254,809.7156049938625,0.1834304860350543,0.19231627810850338,,,,,,,0.3850648016,0.1953170993,0.0752097401,1.3263674359,1.1475970259,0.6531996542,3737.0,729.9,550.3,179.6,8977.803393597,1497.3096862917,10475.1130798887,3665.6,5823.9,0.6635891309,0.1501254911,0.0996216441,0.2186553604,0.1923162781
1995,3980.2999999999997,825.2,623.2,202.0,9530.43269703201,1398.7712255896906,10929.203922621702,0.3799768049895175,0.20732105620179386,0.07877719254260983,3880.7,6154.2,0.66634042480125,0.16058958435333834,0.10700733185665964,1.3241335044929397,1.1667790684032557,0.648699881772154,0.7361849994366261,0.4322549547885777,0.06941564352416875,1.01938092708588,0.8390529999999999,0.3727525156623865,0.197262299316146,0.07353001831544008,0.7941577287742849,0.145448760699346,0.1155092574500271,0.4240367298457032,0.06167561684706091,674.8,477.2,1100.4,104.90000000000009,1302.4,127.29999999999995,-98.53846070200098,576.261539297999,0.14979484620294026,0.1923359002566925,643.902748,104.79843456111482,1242.7666552981625,1050.0156844979253,1334.7253052467838,117.45120755253242,96.69126255019785,-99.14902037929369,544.7537276207063,0.14505241942746389,0.16808545911210554,,,,,,,0.379976805,0.2073210562,0.0787771925,1.3241335045,1.1667790684,0.6486998818,3980.3,825.2,623.2,202.0,9530.432697032,1398.7712255897,10929.2039226217,3880.7,6154.2,0.6663404248,0.1605895844,0.1070073319,0.1923359003,0.1680854591
1996,4212.7,907.0999999999999,699.5,207.59999999999994,10053.447802744928,1462.14304339995,11515.590846144878,0.3854535087665795,0.21532508842310155,0.0829978108581585,4119.0,6469.9,0.6692990153066198,0.16982277251760136,0.1136622144226707,1.2967834167262329,1.1467689107153864,0.6457419296310182,0.730214621277025,0.4321944376442371,0.07339645766742993,1.04219925403595,0.833554,0.3698462719810041,0.198041012199887,0.07324473006147277,0.8029461982146565,0.147244590757196,0.11822948435616348,0.4146946334595331,0.061061541592954356,735.2,506.3,1205.8,105.39999999999986,1413.3999999999999,110.99999999999977,63.37181781025947,798.5718178102595,0.19262087165355476,0.17546196104544673,713.023576,103.11019505475652,1370.7664884635471,1169.4284928465722,1418.039256567676,127.99983316538464,119.41280834864688,83.3139513208921,796.3375273208921,0.23496825570050367,0.18545162094671924,,,,,,,0.3854535088,0.2153250884,0.0829978109,1.2967834167,1.1467689107,0.6457419296,4212.7,907.1,699.5,207.6,10053.4478027449,1462.1430434,11515.5908461449,4119.0,6469.9,0.6692990153,0.1698227725,0.1136622144,0.175461961,0.1854516209
1997,4521.5,990.8000000000001,777.3,213.50000000000006,10645.467618064265,1528.9685730887372,12174.436191153003,0.3926415987168979,0.21913081941833465,0.08603987526455877,4438.0,6830.5,0.6859456869503393,0.17514646237043713,0.12014096044761124,1.274668725073974,1.1454369756612985,0.6435503647050816,0.7161577112751432,0.4414405970047686,0.07731675891207901,1.07182896137238,0.8405029999999999,0.3663285961354841,0.198380599201788,0.07267248640610713,0.8161133118505697,0.148250539225088,0.12098923855061934,0.41185731391279434,0.061058068871368096,800.0,541.2,1318.5,112.70000000000005,1532.0,118.60000000000014,66.82552968878713,866.8255296887871,0.1485151333354209,0.16701244813278016,789.196028,101.36898458895945,1511.3103936199998,1300.6937036475,1508.3199060230738,140.54390515645264,131.26521080092766,90.2806494553979,879.4766774553979,0.1764878588973229,0.18409659262224404,,,,,,,0.3926415987,0.2191308194,0.0860398753,1.2746687251,1.1454369757,0.6435503647,4521.5,990.8,777.3,213.5,10645.4676180643,1528.9685730887,12174.436191153,4438.0,6830.5,0.685945687,0.1751464624,0.1201409604,0.1670124481,0.1840965926
1998,4781.7,966.4,709.7,256.6999999999999,11273.091065707426,1584.0415359713077,12857.132601678733,0.392765621743929,0.20210385427776734,0.0793794459822517,4721.0,7217.6,0.6911646292365127,0.150328320271129,0.10390161774394262,1.3617021276595742,1.143626248084606,0.6416345664712129,0.7639866222090603,0.4434751172404064,0.0666668694567923,1.09457731246948,0.826825,0.35882857909580546,0.198357847694114,0.07117646464058111,0.8359261382233395,0.148615778674625,0.1242318139465338,0.4051565039657916,0.06021264932196491,871.0,578.6,1288.3000000000002,-30.199999999999818,1545.0,13.0,55.07296288257044,926.0729628825704,0.014997250951604226,-0.041077257889009545,882.1027720000002,98.74132897521376,1564.6943544661312,1304.722159779105,1604.233558947679,53.38396084613146,4.028456131605026,95.91365292460523,978.0164249246054,0.060699689047568624,0.005104506344024613,,,,,,,0.3927656217,0.2021038543,0.079379446,1.3617021277,1.1436262481,0.6416345665,4781.7,966.4,709.7,256.7,11273.0910657074,1584.0415359713,12857.1326016787,4721.0,7217.6,0.6911646292,0.1503283203,0.1039016177,-0.0410772579,0.0051045063
1999,5082.7,1012.6000000000004,734.8,277.9000000000004,11967.667396537861,1689.702679262337,13657.370075800198,0.3953214264381438,0.19922482145316472,0.0787578405987496,4998.7,7641.6,0.6925709377078253,0.14699821953707964,0.101806694746176,1.3781981491562334,1.1405152789717043,0.6402503056110166,0.7736781807828,0.4434187545247435,0.06518176742448667,1.10842335224152,0.816545,0.3566520189589123,0.198256739057113,0.07070866625692959,0.8481724065517826,0.148757976285155,0.12617241073955293,0.4000445801038344,0.05950982216009099,946.3,624.9,1359.6999999999998,71.39999999999964,1637.5000000000005,92.50000000000045,105.66114329102925,1051.9611432910292,0.09988413840749372,0.08924999999999955,973.4862800000001,97.20732787317762,1684.5437847405692,1398.76286052626,1738.246196281439,119.84943027443796,94.04070074715514,134.01263733376004,1107.4989173337601,0.12254337168588664,0.10660968736549342,,,,,,,0.3953214264,0.1992248215,0.0787578406,1.3781981492,1.140515279,0.6402503056,5082.7,1012.6,734.8,277.9,11967.6673965379,1689.7026792623,13657.3700758002,4998.7,7641.6,0.6925709377,0.1469982195,0.1018066947,0.08925,0.1066096874
2000,5424.499999999999,1007.2999999999998,673.6,333.59999999999985,12840.566656941339,1816.0446863635439,14656.611343304883,0.39718481449161236,0.18569453405843855,0.07375504906210731,5331.299999999999,8175.4,0.6976680276381908,0.126348170239904,0.08814907872696817,1.4952494061757717,1.141188973863959,0.6385204189590569,0.8366250455846501,0.44547528130187647,0.0562849866795986,1.11509871482849,0.813751,0.3561880300011844,0.198398676194093,0.07066723362841686,0.8573482891427363,0.149111641449283,0.1278406106878079,0.3994940316744905,0.05956921081217513,1037.8,682.1,1355.7,-3.9999999999997726,1689.3999999999999,51.89999999999941,126.34200710120695,1164.142007101207,0.049336423052311416,-0.004592422502870003,1068.331688,97.14211528657755,1739.1015163877435,1395.5841871474272,1869.4720420757326,54.55773164717425,-3.1786733788328547,131.2258457942935,1199.5575337942935,0.04926210833552673,-0.0032652472296094965,,,,,,,0.3971848145,0.1856945341,0.0737550491,1.4952494062,1.1411889739,0.638520419,5424.5,1007.3,673.6,333.6,12840.5666569413,1816.0446863635,14656.6113433049,5331.3,8175.4,0.6976680276,0.1263481702,0.0881490787,-0.0045924225,-0.0032652472
2001,5414.999999999999,966.3,614.5,351.79999999999984,13620.733166343192,1786.6163472184146,15407.349513561607,0.36945784214122335,0.1784487534626039,0.0659292913870848,5304.4,8595.6,0.6488245223475304,0.1158472211748737,0.07516451794407614,1.5724979658258744,1.1414302604302768,0.6366852973408733,0.877133163231852,0.4130970339328875,0.04785614345670752,1.06325256824493,0.760084,0.34747890875173065,0.199114494617789,0.06918808730644166,0.8536221290640645,0.150093703796759,0.12812330699410046,0.3885220184464457,0.05831470875521975,991.7,725.1,1339.6,-16.100000000000136,1691.4,2.0000000000002274,-29.428339145129257,962.2716608548708,0.0017180034633234858,-0.017013632040579242,1025.41478,96.71208367018076,1748.9024492205303,1385.142320548553,1847.3558622843343,9.800932832786884,-10.441866598874185,-22.11617979139828,1003.2986002086018,0.008170456653117567,-0.009773993148534395,,,,,,,0.3694578421,0.1784487535,0.0659292914,1.5724979658,1.1414302604,0.6366852973,5415.0,966.3,614.5,351.8,13620.7331663432,1786.6163472184,15407.3495135616,5304.4,8595.6,0.6488245223,0.1158472212,0.0751645179,-0.017013632,-0.0097739931
2002,5482.400000000001,1009.5000000000001,714.3,295.3000000000001,14281.23387252014,1874.073582251186,16155.307454771326,0.35583018319759485,0.18413468553917992,0.06552067888843792,5366.8,8907.7,0.6243659546744846,0.13309607214727584,0.08310065614965796,1.413411731765365,1.131168882423535,0.6310673511496219,0.7885277004243118,0.39401696916443185,0.05244211095516018,1.03907012939453,0.7491030000000001,0.34245059417205886,0.200608043078997,0.0686983435480965,0.833484787371676,0.151892976542844,0.1266004852570633,0.37920151683508313,0.057598047101642146,885.1,749.3,1463.6,124.0,1758.8000000000002,67.40000000000009,87.45723503277145,972.5572350327715,0.07004259061326064,0.11948352283677009,919.1078200000001,96.2999096232257,1826.377622659587,1519.8352788972998,1946.080312622843,77.47517343905656,134.69295834874674,98.72445033850863,1017.8322703385087,0.07722045403327409,0.13135460983773486,,,,,,,0.3558301832,0.1841346855,0.0655206789,1.4134117318,1.1311688824,0.6310673511,5482.4,1009.5,714.3,295.3,14281.2338725201,1874.0735822512,16155.3074547713,5366.8,8907.7,0.6243659547,0.1330960721,0.0831006561,0.1194835228,0.1313546098
2003,5707.3,1084.5,812.0,272.4,14892.479153434093,1978.6162598011001,16871.095413235194,0.3532770896486034,0.19001979920452752,0.06712964163858748,5585.2,9185.8,0.6270080941208167,0.14538422975005372,0.09115708881080413,1.3354679802955665,1.1312263071230326,0.6237346212178585,0.7363492252551007,0.391086656086979,0.0568578322607296,1.04768621921539,0.759452,0.3371974195796637,0.202876025382332,0.0684092722535007,0.825605955505834,0.154355335864828,0.12743668455410526,0.3732860554182559,0.05761869445774168,891.8,768.3,1580.3,116.70000000000005,1852.8,93.99999999999977,104.54267754991406,996.342677549914,0.09665240935340152,0.11767671674901688,927.959632,96.10331842538598,1927.9251022309936,1644.3761005265756,2058.8428081568127,101.54747957140671,124.5408216292758,112.76249553396974,1040.7221275339698,0.09976838279811491,0.13550186269688771,,,,,,,0.3532770896,0.1900197992,0.0671296416,1.3354679803,1.1312263071,0.6237346212,5707.3,1084.5,812.0,272.4,14892.4791534341,1978.6162598011,16871.0954132352,5585.2,9185.8,0.6270080941,0.1453842298,0.0911570888,0.1176767167,0.1355018627
2004,6127.4,1307.8000000000002,1041.9,265.9000000000001,16199.660108377739,2187.029189209532,18386.68929758727,0.36318922096742573,0.2134347357770017,0.0775171954142376,5965.0,9909.5,0.6493718565612141,0.17466890192791285,0.11342506912843739,1.2552068336692581,1.1328600993438251,0.616807981086334,0.6834220689472152,0.40053774381980695,0.06996148789368933,1.03787088394165,0.779868,0.34993680484425704,0.205750064901623,0.07199952030817247,0.832668934436615,0.157138728174576,0.1308445373478491,0.38592251696919705,0.060643373490470845,960.0,803.1,1845.0,264.70000000000005,2110.9,258.10000000000014,208.41292940843186,1168.4129294084319,0.2590474199446004,0.29906225285278504,987.5362680000002,97.21161957365193,2171.4482376262504,1897.9212650625004,2249.761086999008,243.52313539525676,253.54516453592487,190.91827884219538,1178.4545468421957,0.23399438615982346,0.2732286575758339,,,,,,,0.363189221,0.2134347358,0.0775171954,1.2552068337,1.1328600993,0.6168079811,6127.4,1307.8,1041.9,265.9,16199.6601083777,2187.0291892095,18386.6892975873,5965.0,9909.5,0.6493718566,0.1746689019,0.1134250691,0.2990622529,0.2732286576
2005,6606.5,1511.3000000000002,1216.6,294.70000000000016,17723.462355358093,2394.0856296596257,20117.547985017718,0.35930883983920453,0.22875955498372819,0.08219533030333609,6435.0,10768.3,0.6493768605883243,0.18905982905982904,0.12277107825823703,1.2422324510932108,1.1350046343304758,0.6117103651375532,0.6695007608424371,0.39723055650236183,0.07510034110967728,1.03080022335052,0.798989,0.3485727221432924,0.208933024756873,0.07282835318513513,0.8127481862557863,0.159811546525301,0.12988654458117058,0.3853613411250542,0.06158519189625899,1065.2,855.8,2072.3999999999996,227.39999999999964,2367.1000000000004,256.2000000000003,207.05644045009376,1272.2564404500938,0.21927179471534475,0.25498990805113214,1065.2,100.0,2367.1000000000004,2072.3999999999996,2394.0856296596257,195.65176237375,174.4787349374992,144.32454266061768,1209.5245426606177,0.16602402095016847,0.1766808375462107,,,,,,,0.3593088398,0.228759555,0.0821953303,1.2422324511,1.1350046343,0.6117103651,6606.5,1511.3,1216.6,294.7,17723.4623553581,2394.0856296596,20117.5479850177,6435.0,10768.3,0.6493768606,0.1890598291,0.1227710783,0.2549899081,0.1766808375
2006,7031.200000000001,1654.1,1351.5,302.6,19265.16196987102,2578.091141691955,21843.253111562975,0.34950581478599657,0.23525145067698255,0.08222174994844647,6897.400000000001,11679.9,0.6405282170816193,0.19594339896192767,0.12550727598599595,1.2238993710691823,1.135080018884451,0.607573158341974,0.6551154050831342,0.38916775185943303,0.07625485206570935,1.0236576795578,0.8019970000000001,0.3414284108501742,0.212204267419069,0.07245256580051813,0.7986665998521432,0.162117796688473,0.1294780694567038,0.3801737237271993,0.061632926449505805,1193.0,918.4,2269.9,197.50000000000045,2572.5,205.39999999999964,184.00551203232908,1377.005512032329,0.1614454393544544,0.20572916666666713,1151.6409800000001,103.5913119382049,2483.316362992456,2191.2069241424983,2488.713670534318,116.21636299245574,118.8069241424987,94.62804087469249,1246.2690208746926,0.09608433635981628,0.11153485180482416,,,,,,,0.3495058148,0.2352514507,0.0822217499,1.2238993711,1.1350800189,0.6075731583,7031.2,1654.1,1351.5,302.6,19265.161969871,2578.091141692,21843.253111563,6897.4,11679.9,0.6405282171,0.195943399,0.125507276,0.2057291667,0.1115348518
2007,7147.100000000001,1551.4000000000003,1159.8,391.7000000000003,20353.55816995345,2676.214530237791,23029.77270019124,0.3271994314902025,0.21706706216507396,0.07102421933566064,6992.200000000001,12317.8,0.5986523857224806,0.16587054146048452,0.09929879536639868,1.3377306432143476,1.1338214101560038,0.6062705321796055,0.7153037168904214,0.36294530048255874,0.06020193351158027,0.986203849315643,0.8054859999999999,0.33177667245697345,0.215541825111632,0.07151174951084019,0.7432188588286831,0.164094368970309,0.12195802964632592,0.3680225956676377,0.06039043560289618,1295.3,976.4,2136.2,-133.70000000000027,2527.8,-44.69999999999982,98.1233885458364,1393.4233885458364,-0.03246174369631017,-0.12551633496057105,1225.065216,105.7331465364208,2390.735623411411,2020.3692692188679,2531.102703271905,-92.58073958104524,-170.83765492363045,42.389032737586604,1267.4542487375866,-0.07428632023290407,-0.148342806387135,,,,,,,0.3271994315,0.2170670622,0.0710242193,1.3377306432,1.1338214102,0.6062705322,7147.1,1551.4,1159.8,391.7,20353.5581699534,2676.2145302378,23029.7727001912,6992.2,12317.8,0.5986523857,0.1658705415,0.0992987954,-0.125516335,-0.1483428064
2008,6975.3,1288.4999999999998,841.8,446.69999999999976,21776.885775207476,2675.8930681927864,24452.77884340026,0.30288184303017796,0.18472323771020596,0.055949314688168855,6970.5,13138.0,0.5658883891604021,0.12076608564665375,0.06834012567179204,1.5306486101211687,1.1314863233195511,0.6051914803861624,0.8186890810951845,0.34247083196932454,0.04135886182508821,0.925367593765259,0.7761709999999999,0.32730975784203975,0.219154687383788,0.07173146765753557,0.7290769548983435,0.166115975710139,0.12111132973071533,0.37009166333114557,0.061478137756441516,1311.5,1028.5,1870.3,-265.89999999999986,2317.0,-210.80000000000018,-0.3214620450048642,1311.1785379549951,-0.15128208822444777,-0.2228834870075439,1214.6049520000001,107.97749489168886,2145.817517181853,1732.1201995620283,2478.195174723166,-244.9181062295579,-288.24906965683954,-52.90752854873881,1161.6974234512613,-0.19323625012382256,-0.23529283657078345,,,,,,,0.302881843,0.1847232377,0.0559493147,1.5306486101,1.1314863233,0.6051914804,6975.3,1288.5,841.8,446.7,21776.8857752075,2675.8930681928,24452.7788434003,6970.5,13138.0,0.5658883892,0.1207660856,0.0683401257,-0.222883487,-0.2352928366
2009,6762.9,1416.8,989.5,427.19999999999993,21294.719040537588,2562.064159856566,23856.783200394155,0.2765697936954633,0.2094959263038046,0.05794024511788321,6629.5,12701.7,0.5046049627036079,0.14925710837921413,0.0753158776069417,1.4317331985851438,1.1228776738701194,0.6033002209598461,0.7692422560018538,0.3044282854965215,0.04543808560205265,0.899437546730042,0.686643,0.3074919372678504,0.22326742553365,0.06865293320614757,0.7348869247973224,0.168575385557592,0.12388384668894174,0.33846517371138046,0.05705689715621331,1049.8,1030.4,2019.9,149.60000000000014,2447.2,130.19999999999982,-113.82890833622014,935.9710916637798,0.0992999780205896,0.11549448004323334,985.4697800000001,106.52787343717426,2297.2391366126885,1896.123460299105,2405.0645875021296,151.42161943083556,164.00326073707674,-73.13058722103642,912.3391927789637,0.13034514527972388,0.1350260102817996,,,,,,,0.2765697937,0.2094959263,0.0579402451,1.4317331986,1.1228776739,0.603300221,6762.9,1416.8,989.5,427.2,21294.7190405376,2562.0641598566,23856.7832003942,6629.5,12701.7,0.5046049627,0.1492571084,0.0753158776,0.11549448,0.1350260103
2010,7205.5,1738.6,1300.9,437.7000000000001,21982.081961583935,2726.997261674907,24709.079223258843,0.3020314993632902,0.24128790507251405,0.07287654774727866,7060.2,12994.6,0.5558468551453742,0.18425823631058613,0.1024193611878725,1.3364593742793451,1.1203145322076946,0.5964718283354888,0.7115505008237447,0.33154698996309295,0.0610902636246831,0.929295063018799,0.738467,0.3250114106731032,0.227760063985492,0.074024619690921,0.752703716138127,0.171412207405196,0.1290226055053304,0.3567725721968954,0.0611551741418995,1063.9,1026.5,2327.4,307.5,2765.1,317.9000000000001,164.93310181834067,1228.8331018183408,0.3396472421331965,0.2344643537933664,1003.7699160000001,105.99042500094215,2608.820560890685,2195.8587296723376,2572.8713340385857,311.5814242779966,299.73526937323254,167.8067465364561,1171.5766625364563,0.3415192800486044,0.30415470413839835,,,,,,,0.3020314994,0.2412879051,0.0728765477,1.3364593743,1.1203145322,0.5964718283,7205.5,1738.6,1300.9,437.7,21982.0819615839,2726.9972616749,24709.0792232588,7060.2,12994.6,0.5558468551,0.1842582363,0.1024193612,0.2344643538,0.3041547041
2011,7614.3,1862.3999999999999,1388.1,474.29999999999995,23023.968602353023,2937.530680167656,25961.49928252068,0.3081579823837629,0.24459241164650722,0.07537310407936645,7431.5,13530.8,0.5718914010435103,0.18678597860458857,0.1068212949994613,1.3416900799654203,1.1240554587341012,0.5911450982081438,0.7055999843453177,0.33807079843425886,0.06314688492317765,0.941526174545288,0.7630089999999999,0.3272962459408932,0.232374952908252,0.07605544973756272,0.7495211734638915,0.1743732962899,0.13069647765597267,0.35906680830995574,0.06261166295330065,1182.4,1061.9,2450.0,122.59999999999991,2924.3,159.20000000000027,210.5334184927492,1392.9334184927493,0.12955380170376865,0.11678414936178312,1093.118892,108.16755694676989,2703.4908456322732,2265.004470060893,2715.7224985799007,94.67028474158815,69.14574038855517,142.85116454131503,1235.970056541315,0.08080588131264715,0.06888604578238343,,,,,,,0.3081579824,0.2445924116,0.0753731041,1.34169008,1.1240554587,0.5911450982,7614.3,1862.4,1388.1,474.3,23023.968602353,2937.5306801677,25961.4992825207,7431.5,13530.8,0.571891401,0.1867859786,0.106821295,0.1167841494,0.0688860458
2012,,,,,,,,,,,,,,,,,,,,,,,,,,,,,,,,,,,,,,,,,,,,,,,,,,,,,0.279308946,0.1827856851,0.051053677,1.1577229429,1.1704161115,0.748671973,0.279308946,0.1827856851,0.051053677,1.1577229429,1.1704161115,0.748671973,7251.279,1325.43,1652.37,260.6166591495,23810.9063827665,3037.9327400068,26848.8391227732,7077.194212009,15641.553,0.5183522529,0.139586518,0.0723549861,-0.0206833201,-0.0122002185
2013,,,,,,,,,,,,,,,,,,,,,,,,,,,,,,,,,,,,,,,,,,,,,,,,,,,,,0.2818118119,0.1893829497,0.0533703522,1.1674819581,1.1942219382,0.6569070807,0.2818118119,0.1893829497,0.0533703522,1.1674819581,1.1942219382,0.6569070807,7566.32,1432.932,1682.298,281.7545631443,24711.3411891581,3152.8154048917,27864.1565940498,7384.6718779139,16233.055,0.5229971675,0.1446245996,0.0756382559,0.004003972,0.0023617743
2014,,,,,,,,,,,,,,,,,,,,,,,,,,,,,,,,,,,,,,,,,,,,,,,,,,,,,0.290599465,0.2020625618,0.0587192724,1.1779443026,1.1942219382,0.6569070807,0.290599465,0.2020625618,0.0587192724,1.1779443026,1.1942219382,0.6569070807,8097.309,1636.163,1807.956,321.7154696091,25886.7540028135,3302.7813495822,29189.5353523957,7902.9131809227,17005.192,0.5393056312,0.15430754,0.0832189253,0.0072936354,0.004302208
2015,,,,,,,,,,,,,,,,,,,,,,,,,,,,,,,,,,,,,,,,,,,,,,,,,,,,,0.2902249007,0.1991196395,0.0577894776,1.1865551137,1.1942219382,0.6569070807,0.2902249007,0.1991196395,0.0577894776,1.1865551137,1.1942219382,0.6569070807,8471.53,1686.848,1777.928,331.6815601375,26373.3372798185,3364.8624499062,29738.1997297246,8268.1500853657,17324.832,0.5386105004,0.1520601415,0.0819011889,0.00173641,0.001024235
2016,,,,,,,,,,,,,,,,,,,,,,,,,,,,,,,,,,,,,,,,,,,,,,,,,,,,,0.2883041367,0.1880424034,0.0542134028,1.183835107,1.1942219382,0.6569070807,0.2883041367,0.1880424034,0.0542134028,1.183835107,1.1942219382,0.6569070807,8573.646,1612.209,1724.401,317.0054423325,27145.9442663084,3463.4361044191,30609.3803707275,8367.8145396162,17832.363,0.5350458729,0.1436008751,0.0768330555,-0.0025098695,-0.0014804662
2017,,,,,,,,,,,,,,,,,,,,,,,,,,,,,,,,,,,,,,,,,,,,,,,,,,,,,0.2879782894,0.1699527739,0.0489427091,1.1706321379,1.1942219382,0.6569070807,0.2879782894,0.1699527739,0.0489427091,1.1706321379,1.1942219382,0.6569070807,8814.837,1498.106,1726.343,294.5695968643,28195.8111657442,3597.3841774229,31793.1953431671,8603.2151564162,18522.028,0.534441153,0.1297865088,0.0693632514,-0.0037277135,-0.002198821
2018,,,,,,,,,,,,,,,,,,,,,,,,,,,,,,,,,,,,,,,,,,,,,,,,,,,,,0.2895460774,0.1604211352,0.0464493104,1.1574207718,1.1942219382,0.6569070807,0.2895460774,0.1604211352,0.0464493104,1.1574207718,1.1942219382,0.6569070807,9205.595,1476.772,1844.577,290.3747349656,29513.1375052897,3765.4562680795,33278.5937733692,8984.592049499,19387.389,0.5373507141,0.1225075566,0.065829523,-0.0006710241,-0.0003958088
2019,,,,,,,,,,,,,,,,,,,,,,,,,,,,,,,,,,,,,,,,,,,,,,,,,,,,,0.287805881,0.1541298475,0.0443594765,1.149753388,1.1942219382,0.6569070807,0.287805881,0.1541298475,0.0443594765,1.149753388,1.1942219382,0.6569070807,9577.775,1476.221,1938.296,290.2663929338,30858.8270647612,3937.1471018884,34795.9741666496,9347.8369531671,20271.382,0.5341211909,0.1177031381,0.0628677403,-1.65572e-05,-9.7664e-06
2020,,,,,,,,,,,,,,,,,,,,,,,,,,,,,,,,,,,,,,,,,,,,,,,,,,,,,0.2757437672,0.1926468714,0.0531211741,1.1848419046,1.1942219382,0.6569070807,0.2757437672,0.1926468714,0.0531211741,1.1848419046,1.1942219382,0.6569070807,9594.773,1848.403,1966.263,363.4477977878,31485.5610612655,4017.1094391741,35502.6705004395,9364.426874368,20683.088,0.5117358575,0.1471171332,0.0752851123,0.0106961224,0.0063091916
2021,,,,,,,,,,,,,,,,,,,,,,,,,,,,,,,,,,,,,,,,,,,,,,,,,,,,,0.3188363534,0.2359685577,0.0752353545,1.1946795034,1.1942219382,0.6569070807,0.3188363534,0.2359685577,0.0752353545,1.1946795034,1.1942219382,0.6569070807,11319.542,2671.056,2697.79,525.2044175258,34971.5761574429,4461.8753469725,39433.4515044154,11047.7885521978,22973.076,0.5917087316,0.1802002674,0.1066260716,0.0231715809,0.0136679386
2022,,,,,,,,,,,,,,,,,,,,,,,,,,,,,,,,,,,,,,,,,,,,,,,,,,,,,0.3075766522,0.2015736252,0.0619993408,1.1650209807,1.1942219382,0.6569070807,0.3075766522,0.2015736252,0.0619993408,1.1650209807,1.1942219382,0.6569070807,12128.809,2444.848,2913.118,480.7255893471,39007.7055858203,4976.8280134635,43984.5335992837,11837.6271073506,25624.438,0.5708125463,0.1539341576,0.0878675485,-0.0057364494,-0.0033836896
2023,,,,,,,,,,,,,,,,,,,,,,,,,,,,,,,,,,,,,,,,,,,,,,,,,,,,,0.2700968733,0.1451890285,0.0392151026,1.1078652749,1.1942219382,0.6569070807,0.2700968733,0.1451890285,0.0392151026,1.1078652749,1.1942219382,0.6569070807,11880.085,1724.858,3144.25,339.1553906787,40352.355424424,5148.3861936886,45500.7416181126,11594.8743387442,26507.748,0.5012561353,0.1108753726,0.0555769608,-0.016369163,-0.0096554791
2024,,,,,,,,,,,,,,,,,,,,,,,,,,,,,,,,,,,,,,,,,,,,,,,,,,,,,0.2716630226,0.1348433512,0.0366319524,1.0980024066,1.1942219382,0.6569070807,0.2716630226,0.1348433512,0.0366319524,1.0980024066,1.1942219382,0.6569070807,12360.869,1666.781,3344.161,327.7358259235,41665.180366303,5315.8839700739,46981.064336377,12064.1159362647,27370.152,0.5041626552,0.1029747699,0.0519160334,-0.0012763968,-0.0007528926
