Count of 1997 NAICS,Unnamed: 1,Unnamed: 2
2002 NAICS,1997 NAICS,Total
111110,111110,1
111110 Total,,1
111120,111120,1
111120 Total,,1
111130,111130,1
111130 Total,,1
111140,111140,1
111140 Total,,1
111150,111150,1
111150 Total,,1
111160,111160,1
111160 Total,,1
111191,111191,1
111191 Total,,1
111199,111199,1
111199 Total,,1
111211,111211,1
111211 Total,,1
111219,111219,1
111219 Total,,1
111310,111310,1
111310 Total,,1
111320,111320,1
111320 Total,,1
111331,111331,1
111331 Total,,1
111332,111332,1
111332 Total,,1
111333,111333,1
111333 Total,,1
111334,111334,1
111334 Total,,1
111335,111335,1
111335 Total,,1
111336,111336,1
111336 Total,,1
111339,111339,1
111339 Total,,1
111411,111411,1
111411 Total,,1
111419,111419,1
111419 Total,,1
111421,111421,1
111421 Total,,1
111422,111422,1
111422 Total,,1
111910,111910,1
111910 Total,,1
111920,111920,1
111920 Total,,1
111930,111930,1
111930 Total,,1
111940,111940,1
111940 Total,,1
111991,111991,1
111991 Total,,1
111992,111992,1
111992 Total,,1
111998,111998,1
111998 Total,,1
112111,112111,1
112111 Total,,1
112112,112112,1
112112 Total,,1
112120,112120,1
112120 Total,,1
112130,112130,1
112130 Total,,1
112210,112210,1
112210 Total,,1
112310,112310,1
112310 Total,,1
112320,112320,1
112320 Total,,1
112330,112330,1
112330 Total,,1
112340,112340,1
112340 Total,,1
112390,112390,1
112390 Total,,1
112410,112410,1
112410 Total,,1
112420,112420,1
112420 Total,,1
112511,112511,1
112511 Total,,1
112512,112512,1
112512 Total,,1
112519,112519,1
112519 Total,,1
112910,112910,1
112910 Total,,1
112920,112920,1
112920 Total,,1
112930,112930,1
112930 Total,,1
112990,112990,1
112990 Total,,1
113110,113110,1
113110 Total,,1
113210,113210,1
113210 Total,,1
113310,113310,1
113310 Total,,1
114111,114111,1
114111 Total,,1
114112,114112,1
114112 Total,,1
114119,114119,1
114119 Total,,1
114210,114210,1
114210 Total,,1
115111,115111,1
115111 Total,,1
115112,115112,1
115112 Total,,1
115113,115113,1
115113 Total,,1
115114,115114,1
115114 Total,,1
115115,115115,1
115115 Total,,1
115116,115116,1
115116 Total,,1
115210,115210,1
115210 Total,,1
115310,115310,1
115310 Total,,1
211111,211111,1
211111 Total,,1
211112,211112,1
211112 Total,,1
212111,212111,1
212111 Total,,1
212112,212112,1
212112 Total,,1
212113,212113,1
212113 Total,,1
212210,212210,1
212210 Total,,1
212221,212221,1
212221 Total,,1
212222,212222,1
212222 Total,,1
212231,212231,1
212231 Total,,1
212234,212234,1
212234 Total,,1
212291,212291,1
212291 Total,,1
212299,212299,1
212299 Total,,1
212311,212311,1
212311 Total,,1
212312,212312,1
212312 Total,,1
212313,212313,1
212313 Total,,1
212319,212319,1
212319 Total,,1
212321,212321,1
212321 Total,,1
212322,212322,1
212322 Total,,1
212324,212324,1
212324 Total,,1
212325,212325,1
212325 Total,,1
212391,212391,1
212391 Total,,1
212392,212392,1
212392 Total,,1
212393,212393,1
212393 Total,,1
212399,212399,1
212399 Total,,1
213111,213111,1
213111 Total,,1
213112,213112,1
213112 Total,,1
213113,213113,1
213113 Total,,1
213114,213114,1
213114 Total,,1
213115,213115,1
213115 Total,,1
221111,221111,1
221111 Total,,1
221112,221112,1
221112 Total,,1
221113,221113,1
221113 Total,,1
221119,221119,1
221119 Total,,1
221121,221121,1
221121 Total,,1
221122,221122,1
221122 Total,,1
221210,221210,1
221210 Total,,1
221310,221310,1
221310 Total,,1
221320,221320,1
221320 Total,,1
221330,221330,1
221330 Total,,1
236115,233210,1
236115 Total,,1
236116,233220,1
236116 Total,,1
236117,233210,1
,233220,1
236117 Total,,2
236118,233210,1
,233220,1
236118 Total,,2
236210,233310,1
,234930,1
,234990,1
236210 Total,,3
236220,233220,1
,233310,1
,233320,1
,235990,1
236220 Total,,4
237110,234910,1
,234990,1
,235810,1
237110 Total,,3
237120,213112,1
,234910,1
,234930,1
237120 Total,,3
237130,234920,1
,234930,1
237130 Total,,2
237210,233110,1
237210 Total,,1
237310,234110,1
,234120,1
,235210,1
237310 Total,,3
237990,234120,1
,234990,1
,235990,1
237990 Total,,3
238110,235710,1
238110 Total,,1
238120,235910,1
238120 Total,,1
238130,235510,1
238130 Total,,1
238140,235420,1
,235410,1
238140 Total,,2
238150,235920,1
238150 Total,,1
238160,235610,1
238160 Total,,1
238170,235610,1
238170 Total,,1
238190,235990,1
,235910,1
238190 Total,,2
238210,235110,1
,235310,1
238210 Total,,2
238220,235910,1
,235950,1
,(blank),
238220 Total,,2
238290,235990,1
,235950,1
238290 Total,,2
238310,235420,1
238310 Total,,1
238320,235210,1
238320 Total,,1
238330,235520,1
238330 Total,,1
238340,235430,1
238340 Total,,1
238350,235510,1
238350 Total,,1
238390,235990,1
,235610,1
238390 Total,,2
238910,213112,1
,213113,1
,213114,1
,213115,1
,234990,1
,235990,1
,235110,1
,235930,1
,235940,1
238910 Total,,9
238990,234990,1
,235990,1
,561720,1
,235710,1
238990 Total,,4
311111,311111,1
311111 Total,,1
311119,311119,1
311119 Total,,1
311211,311211,1
311211 Total,,1
311212,311212,1
311212 Total,,1
311213,311213,1
311213 Total,,1
311221,311221,1
311221 Total,,1
311222,311222,1
311222 Total,,1
311223,311223,1
311223 Total,,1
311225,311225,1
311225 Total,,1
311230,311230,1
311230 Total,,1
311311,311311,1
311311 Total,,1
311312,311312,1
311312 Total,,1
311313,311313,1
311313 Total,,1
311320,311320,1
311320 Total,,1
311330,311330,1
311330 Total,,1
311340,311340,1
311340 Total,,1
311411,311411,1
311411 Total,,1
311412,311412,1
311412 Total,,1
311421,311421,1
311421 Total,,1
311422,311422,1
311422 Total,,1
311423,311423,1
311423 Total,,1
311511,311511,1
311511 Total,,1
311512,311512,1
311512 Total,,1
311513,311513,1
311513 Total,,1
311514,311514,1
311514 Total,,1
311520,311520,1
311520 Total,,1
311611,311611,1
311611 Total,,1
311612,311612,1
311612 Total,,1
311613,311613,1
311613 Total,,1
311615,311615,1
311615 Total,,1
311711,311711,1
311711 Total,,1
311712,311712,1
311712 Total,,1
311811,311811,1
311811 Total,,1
311812,311812,1
311812 Total,,1
311813,311813,1
311813 Total,,1
311821,311821,1
311821 Total,,1
311822,311822,1
311822 Total,,1
311823,311823,1
311823 Total,,1
311830,311830,1
311830 Total,,1
311911,311911,1
311911 Total,,1
311919,311919,1
311919 Total,,1
311920,311920,1
311920 Total,,1
311930,311930,1
311930 Total,,1
311941,311941,1
311941 Total,,1
311942,311942,1
311942 Total,,1
311991,311991,1
311991 Total,,1
311999,311999,1
311999 Total,,1
312111,312111,1
312111 Total,,1
312112,312112,1
312112 Total,,1
312113,312113,1
312113 Total,,1
312120,312120,1
312120 Total,,1
312130,312130,1
312130 Total,,1
312140,312140,1
312140 Total,,1
312210,312210,1
312210 Total,,1
312221,312221,1
312221 Total,,1
312229,312229,1
312229 Total,,1
313111,313111,1
313111 Total,,1
313112,313112,1
313112 Total,,1
313113,313113,1
313113 Total,,1
313210,313210,1
313210 Total,,1
313221,313221,1
313221 Total,,1
313222,313222,1
313222 Total,,1
313230,313230,1
313230 Total,,1
313241,313241,1
313241 Total,,1
313249,313249,1
313249 Total,,1
313311,313311,1
313311 Total,,1
313312,313312,1
313312 Total,,1
313320,313320,1
313320 Total,,1
314110,314110,1
314110 Total,,1
314121,314121,1
314121 Total,,1
314129,314129,1
314129 Total,,1
314911,314911,1
314911 Total,,1
314912,314912,1
314912 Total,,1
314991,314991,1
314991 Total,,1
314992,314992,1
314992 Total,,1
314999,314999,1
314999 Total,,1
315111,315111,1
315111 Total,,1
315119,315119,1
315119 Total,,1
315191,315191,1
315191 Total,,1
315192,315192,1
315192 Total,,1
315211,315211,1
315211 Total,,1
315212,315212,1
315212 Total,,1
315221,315221,1
315221 Total,,1
315222,315222,1
315222 Total,,1
315223,315223,1
315223 Total,,1
315224,315224,1
315224 Total,,1
315225,315225,1
315225 Total,,1
315228,315228,1
315228 Total,,1
315231,315231,1
315231 Total,,1
315232,315232,1
315232 Total,,1
315233,315233,1
315233 Total,,1
315234,315234,1
315234 Total,,1
315239,315239,1
315239 Total,,1
315291,315291,1
315291 Total,,1
315292,315292,1
315292 Total,,1
315299,315299,1
315299 Total,,1
315991,315991,1
315991 Total,,1
315992,315992,1
315992 Total,,1
315993,315993,1
315993 Total,,1
315999,315999,1
315999 Total,,1
316110,316110,1
316110 Total,,1
316211,316211,1
316211 Total,,1
316212,316212,1
316212 Total,,1
316213,316213,1
316213 Total,,1
316214,316214,1
316214 Total,,1
316219,316219,1
316219 Total,,1
316991,316991,1
316991 Total,,1
316992,316992,1
316992 Total,,1
316993,316993,1
316993 Total,,1
316999,316999,1
316999 Total,,1
321113,321113,1
321113 Total,,1
321114,321114,1
321114 Total,,1
321211,321211,1
321211 Total,,1
321212,321212,1
321212 Total,,1
321213,321213,1
321213 Total,,1
321214,321214,1
321214 Total,,1
321219,321219,1
321219 Total,,1
321911,321911,1
321911 Total,,1
321912,321912,1
321912 Total,,1
321918,321918,1
321918 Total,,1
321920,321920,1
321920 Total,,1
321991,321991,1
321991 Total,,1
321992,321992,1
321992 Total,,1
321999,321999,1
321999 Total,,1
322110,322110,1
322110 Total,,1
322121,322121,1
322121 Total,,1
322122,322122,1
322122 Total,,1
322130,322130,1
322130 Total,,1
322211,322211,1
322211 Total,,1
322212,322212,1
322212 Total,,1
322213,322213,1
322213 Total,,1
322214,322214,1
322214 Total,,1
322215,322215,1
322215 Total,,1
322221,322221,1
322221 Total,,1
322222,322222,1
322222 Total,,1
322223,322223,1
322223 Total,,1
322224,322224,1
322224 Total,,1
322225,322225,1
322225 Total,,1
322226,322226,1
322226 Total,,1
322231,322231,1
322231 Total,,1
322232,322232,1
322232 Total,,1
322233,322233,1
322233 Total,,1
322291,322291,1
322291 Total,,1
322299,322299,1
322299 Total,,1
323110,323110,1
323110 Total,,1
323111,323111,1
323111 Total,,1
323112,323112,1
323112 Total,,1
323113,323113,1
323113 Total,,1
323114,323114,1
323114 Total,,1
323115,323115,1
323115 Total,,1
323116,323116,1
323116 Total,,1
323117,323117,1
323117 Total,,1
323118,323118,1
323118 Total,,1
323119,323119,1
323119 Total,,1
323121,323121,1
323121 Total,,1
323122,323122,1
323122 Total,,1
324110,324110,1
324110 Total,,1
324121,324121,1
324121 Total,,1
324122,324122,1
324122 Total,,1
324191,324191,1
324191 Total,,1
324199,324199,1
324199 Total,,1
325110,325110,1
325110 Total,,1
325120,325120,1
325120 Total,,1
325131,325131,1
325131 Total,,1
325132,325132,1
325132 Total,,1
325181,325181,1
325181 Total,,1
325182,325182,1
325182 Total,,1
325188,325188,1
325188 Total,,1
325191,325191,1
325191 Total,,1
325192,325192,1
325192 Total,,1
325193,325193,1
325193 Total,,1
325199,325199,1
325199 Total,,1
325211,325211,1
325211 Total,,1
325212,325212,1
325212 Total,,1
325221,325221,1
325221 Total,,1
325222,325222,1
325222 Total,,1
325311,325311,1
325311 Total,,1
325312,325312,1
325312 Total,,1
325314,325314,1
325314 Total,,1
325320,325320,1
325320 Total,,1
325411,325411,1
325411 Total,,1
325412,325412,1
325412 Total,,1
325413,325413,1
325413 Total,,1
325414,325414,1
325414 Total,,1
325510,325510,1
325510 Total,,1
325520,325520,1
325520 Total,,1
325611,325611,1
325611 Total,,1
325612,325612,1
325612 Total,,1
325613,325613,1
325613 Total,,1
325620,325620,1
325620 Total,,1
325910,325910,1
325910 Total,,1
325920,325920,1
325920 Total,,1
325991,325991,1
325991 Total,,1
325992,325992,1
325992 Total,,1
325998,325998,1
325998 Total,,1
326111,326111,1
326111 Total,,1
326112,326112,1
326112 Total,,1
326113,326113,1
326113 Total,,1
326121,326121,1
326121 Total,,1
326122,326122,1
326122 Total,,1
326130,326130,1
326130 Total,,1
326140,326140,1
326140 Total,,1
326150,326150,1
326150 Total,,1
326160,326160,1
326160 Total,,1
326191,326191,1
326191 Total,,1
326192,326192,1
326192 Total,,1
326199,326199,1
326199 Total,,1
326211,326211,1
326211 Total,,1
326212,326212,1
326212 Total,,1
326220,326220,1
326220 Total,,1
326291,326291,1
326291 Total,,1
326299,326299,1
326299 Total,,1
327111,327111,1
327111 Total,,1
327112,327112,1
327112 Total,,1
327113,327113,1
327113 Total,,1
327121,327121,1
327121 Total,,1
327122,327122,1
327122 Total,,1
327123,327123,1
327123 Total,,1
327124,327124,1
327124 Total,,1
327125,327125,1
327125 Total,,1
327211,327211,1
327211 Total,,1
327212,327212,1
327212 Total,,1
327213,327213,1
327213 Total,,1
327215,327215,1
327215 Total,,1
327310,327310,1
327310 Total,,1
327320,327320,1
327320 Total,,1
327331,327331,1
327331 Total,,1
327332,327332,1
327332 Total,,1
327390,327390,1
327390 Total,,1
327410,327410,1
327410 Total,,1
327420,327420,1
327420 Total,,1
327910,327910,1
327910 Total,,1
327991,327991,1
327991 Total,,1
327992,327992,1
327992 Total,,1
327993,327993,1
327993 Total,,1
327999,327999,1
327999 Total,,1
331111,331111,1
331111 Total,,1
331112,331112,1
331112 Total,,1
331210,331210,1
331210 Total,,1
331221,331221,1
331221 Total,,1
331222,331222,1
331222 Total,,1
331311,331311,1
331311 Total,,1
331312,331312,1
331312 Total,,1
331314,331314,1
331314 Total,,1
331315,331315,1
331315 Total,,1
331316,331316,1
331316 Total,,1
331319,331319,1
331319 Total,,1
331411,331411,1
331411 Total,,1
331419,331419,1
331419 Total,,1
331421,331421,1
331421 Total,,1
331422,331422,1
331422 Total,,1
331423,331423,1
331423 Total,,1
331491,331491,1
331491 Total,,1
331492,331492,1
331492 Total,,1
331511,331511,1
331511 Total,,1
331512,331512,1
331512 Total,,1
331513,331513,1
331513 Total,,1
331521,331521,1
331521 Total,,1
331522,331522,1
331522 Total,,1
331524,331524,1
331524 Total,,1
331525,331525,1
331525 Total,,1
331528,331528,1
331528 Total,,1
332111,332111,1
332111 Total,,1
332112,332112,1
332112 Total,,1
332114,332114,1
332114 Total,,1
332115,332115,1
332115 Total,,1
332116,332116,1
332116 Total,,1
332117,332117,1
332117 Total,,1
332211,332211,1
332211 Total,,1
332212,332212,1
332212 Total,,1
332213,332213,1
332213 Total,,1
332214,332214,1
332214 Total,,1
332311,332311,1
332311 Total,,1
332312,332312,1
332312 Total,,1
332313,332313,1
332313 Total,,1
332321,332321,1
332321 Total,,1
332322,332322,1
332322 Total,,1
332323,332323,1
332323 Total,,1
332410,332410,1
332410 Total,,1
332420,332420,1
332420 Total,,1
332431,332431,1
332431 Total,,1
332439,332439,1
332439 Total,,1
332510,332510,1
332510 Total,,1
332611,332611,1
332611 Total,,1
332612,332612,1
332612 Total,,1
332618,332618,1
332618 Total,,1
332710,332710,1
332710 Total,,1
332721,332721,1
332721 Total,,1
332722,332722,1
332722 Total,,1
332811,332811,1
332811 Total,,1
332812,332812,1
332812 Total,,1
332813,332813,1
332813 Total,,1
332911,332911,1
332911 Total,,1
332912,332912,1
332912 Total,,1
332913,332913,1
332913 Total,,1
332919,332919,1
332919 Total,,1
332991,332991,1
332991 Total,,1
332992,332992,1
332992 Total,,1
332993,332993,1
332993 Total,,1
332994,332994,1
332994 Total,,1
332995,332995,1
332995 Total,,1
332996,332996,1
332996 Total,,1
332997,332997,1
332997 Total,,1
332998,332998,1
332998 Total,,1
332999,332999,1
332999 Total,,1
333111,333111,1
333111 Total,,1
333112,333112,1
333112 Total,,1
333120,333120,1
333120 Total,,1
333131,333131,1
333131 Total,,1
333132,333132,1
333132 Total,,1
333210,333210,1
333210 Total,,1
333220,333220,1
333220 Total,,1
333291,333291,1
333291 Total,,1
333292,333292,1
333292 Total,,1
333293,333293,1
333293 Total,,1
333294,333294,1
333294 Total,,1
333295,333295,1
333295 Total,,1
333298,333298,1
333298 Total,,1
333311,333311,1
333311 Total,,1
333312,333312,1
333312 Total,,1
333313,333313,1
333313 Total,,1
333314,333314,1
333314 Total,,1
333315,333315,1
333315 Total,,1
333319,333319,1
333319 Total,,1
333411,333411,1
333411 Total,,1
333412,333412,1
333412 Total,,1
333414,333414,1
333414 Total,,1
333415,333415,1
333415 Total,,1
333511,333511,1
333511 Total,,1
333512,333512,1
333512 Total,,1
333513,333513,1
333513 Total,,1
333514,333514,1
333514 Total,,1
333515,333515,1
333515 Total,,1
333516,333516,1
333516 Total,,1
333518,333518,1
333518 Total,,1
333611,333611,1
333611 Total,,1
333612,333612,1
333612 Total,,1
333613,333613,1
333613 Total,,1
333618,333618,1
333618 Total,,1
333911,333911,1
333911 Total,,1
333912,333912,1
333912 Total,,1
333913,333913,1
333913 Total,,1
333921,333921,1
333921 Total,,1
333922,333922,1
333922 Total,,1
333923,333923,1
333923 Total,,1
333924,333924,1
333924 Total,,1
333991,333991,1
333991 Total,,1
333992,333992,1
333992 Total,,1
333993,333993,1
333993 Total,,1
333994,333994,1
333994 Total,,1
333995,333995,1
333995 Total,,1
333996,333996,1
333996 Total,,1
333997,333997,1
333997 Total,,1
333999,333999,1
333999 Total,,1
334111,334111,1
334111 Total,,1
334112,334112,1
334112 Total,,1
334113,334113,1
334113 Total,,1
334119,334119,1
334119 Total,,1
334210,334210,1
334210 Total,,1
334220,334220,1
334220 Total,,1
334290,334290,1
334290 Total,,1
334310,334310,1
334310 Total,,1
334411,334411,1
334411 Total,,1
334412,334412,1
334412 Total,,1
334413,334413,1
334413 Total,,1
334414,334414,1
334414 Total,,1
334415,334415,1
334415 Total,,1
334416,334416,1
334416 Total,,1
334417,334417,1
334417 Total,,1
334418,334418,1
334418 Total,,1
334419,334419,1
334419 Total,,1
334510,334510,1
334510 Total,,1
334511,334511,1
334511 Total,,1
334512,334512,1
334512 Total,,1
334513,334513,1
334513 Total,,1
334514,334514,1
334514 Total,,1
334515,334515,1
334515 Total,,1
334516,334516,1
334516 Total,,1
334517,334517,1
334517 Total,,1
334518,334518,1
334518 Total,,1
334519,334519,1
334519 Total,,1
334611,334611,1
334611 Total,,1
334612,334612,1
334612 Total,,1
334613,334613,1
334613 Total,,1
335110,335110,1
335110 Total,,1
335121,335121,1
335121 Total,,1
335122,335122,1
335122 Total,,1
335129,335129,1
335129 Total,,1
335211,335211,1
335211 Total,,1
335212,335212,1
335212 Total,,1
335221,335221,1
335221 Total,,1
335222,335222,1
335222 Total,,1
335224,335224,1
335224 Total,,1
335228,335228,1
335228 Total,,1
335311,335311,1
335311 Total,,1
335312,335312,1
335312 Total,,1
335313,335313,1
335313 Total,,1
335314,335314,1
335314 Total,,1
335911,335911,1
335911 Total,,1
335912,335912,1
335912 Total,,1
335921,335921,1
335921 Total,,1
335929,335929,1
335929 Total,,1
335931,335931,1
335931 Total,,1
335932,335932,1
335932 Total,,1
335991,335991,1
335991 Total,,1
335999,335999,1
335999 Total,,1
336111,336111,1
336111 Total,,1
336112,336112,1
336112 Total,,1
336120,336120,1
336120 Total,,1
336211,336211,1
336211 Total,,1
336212,336212,1
336212 Total,,1
336213,336213,1
336213 Total,,1
336214,336214,1
336214 Total,,1
336311,336311,1
336311 Total,,1
336312,336312,1
336312 Total,,1
336321,336321,1
336321 Total,,1
336322,336322,1
336322 Total,,1
336330,336330,1
336330 Total,,1
336340,336340,1
336340 Total,,1
336350,336350,1
336350 Total,,1
336360,336360,1
336360 Total,,1
336370,336370,1
336370 Total,,1
336391,336391,1
336391 Total,,1
336399,336399,1
336399 Total,,1
336411,336411,1
336411 Total,,1
336412,336412,1
336412 Total,,1
336413,336413,1
336413 Total,,1
336414,336414,1
336414 Total,,1
336415,336415,1
336415 Total,,1
336419,336419,1
336419 Total,,1
336510,336510,1
336510 Total,,1
336611,336611,1
336611 Total,,1
336612,336612,1
336612 Total,,1
336991,336991,1
336991 Total,,1
336992,336992,1
336992 Total,,1
336999,336999,1
336999 Total,,1
337110,337110,1
337110 Total,,1
337121,337121,1
337121 Total,,1
337122,337122,1
337122 Total,,1
337124,337124,1
337124 Total,,1
337125,337125,1
337125 Total,,1
337127,337127,1
337127 Total,,1
337129,337129,1
337129 Total,,1
337211,337211,1
337211 Total,,1
337212,337212,1
337212 Total,,1
337214,337214,1
337214 Total,,1
337215,337215,1
337215 Total,,1
337910,337910,1
337910 Total,,1
337920,337920,1
337920 Total,,1
339111,339111,1
339111 Total,,1
339112,339112,1
339112 Total,,1
339113,339113,1
339113 Total,,1
339114,339114,1
339114 Total,,1
339115,339115,1
339115 Total,,1
339116,339116,1
339116 Total,,1
339911,339911,1
339911 Total,,1
339912,339912,1
339912 Total,,1
339913,339913,1
339913 Total,,1
339914,339914,1
339914 Total,,1
339920,339920,1
339920 Total,,1
339931,339931,1
339931 Total,,1
339932,339932,1
339932 Total,,1
339941,339941,1
339941 Total,,1
339942,339942,1
339942 Total,,1
339943,339943,1
339943 Total,,1
339944,339944,1
339944 Total,,1
339950,339950,1
339950 Total,,1
339991,339991,1
339991 Total,,1
339992,339992,1
339992 Total,,1
339993,339993,1
339993 Total,,1
339994,339994,1
339994 Total,,1
339995,339995,1
339995 Total,,1
339999,339999,1
339999 Total,,1
423110,421110,1
423110 Total,,1
423120,421120,1
423120 Total,,1
423130,421130,1
423130 Total,,1
423140,421140,1
423140 Total,,1
423210,421210,1
423210 Total,,1
423220,421220,1
423220 Total,,1
423310,421310,1
423310 Total,,1
423320,421320,1
423320 Total,,1
423330,421330,1
423330 Total,,1
423390,421390,1
423390 Total,,1
423410,421410,1
423410 Total,,1
423420,421420,1
423420 Total,,1
423430,421430,1
423430 Total,,1
423440,421440,1
423440 Total,,1
423450,421450,1
423450 Total,,1
423460,421460,1
423460 Total,,1
423490,421490,1
423490 Total,,1
423510,421510,1
423510 Total,,1
423520,421520,1
423520 Total,,1
423610,421610,1
423610 Total,,1
423620,421620,1
423620 Total,,1
423690,421690,1
423690 Total,,1
423710,421710,1
423710 Total,,1
423720,421720,1
423720 Total,,1
423730,421730,1
423730 Total,,1
423740,421740,1
423740 Total,,1
423810,421810,1
423810 Total,,1
423820,421820,1
423820 Total,,1
423830,421830,1
423830 Total,,1
423840,421840,1
423840 Total,,1
423850,421850,1
423850 Total,,1
423860,421860,1
423860 Total,,1
423910,421910,1
423910 Total,,1
423920,421920,1
423920 Total,,1
423930,421930,1
423930 Total,,1
423940,421940,1
423940 Total,,1
423990,421990,1
423990 Total,,1
424110,422110,1
424110 Total,,1
424120,422120,1
424120 Total,,1
424130,422130,1
424130 Total,,1
424210,422210,1
424210 Total,,1
424310,422310,1
424310 Total,,1
424320,422320,1
424320 Total,,1
424330,422330,1
424330 Total,,1
424340,422340,1
424340 Total,,1
424410,422410,1
424410 Total,,1
424420,422420,1
424420 Total,,1
424430,422430,1
424430 Total,,1
424440,422440,1
424440 Total,,1
424450,422450,1
424450 Total,,1
424460,422460,1
424460 Total,,1
424470,422470,1
424470 Total,,1
424480,422480,1
424480 Total,,1
424490,422490,1
424490 Total,,1
424510,422510,1
424510 Total,,1
424520,422520,1
424520 Total,,1
424590,422590,1
424590 Total,,1
424610,422610,1
424610 Total,,1
424690,422690,1
424690 Total,,1
424710,422710,1
424710 Total,,1
424720,422720,1
424720 Total,,1
424810,422810,1
424810 Total,,1
424820,422820,1
424820 Total,,1
424910,422910,1
424910 Total,,1
424920,422920,1
424920 Total,,1
424930,422930,1
424930 Total,,1
424940,422940,1
424940 Total,,1
424950,422950,1
424950 Total,,1
424990,422990,1
424990 Total,,1
425110,421110,1
,421120,1
,421130,1
,421140,1
,421210,1
,421220,1
,421310,1
,421320,1
,421330,1
,421390,1
,421410,1
,421420,1
,421430,1
,421440,1
,421450,1
,421460,1
,421490,1
,421510,1
,421520,1
,421610,1
,421620,1
,421690,1
,421710,1
,421720,1
,421730,1
,421740,1
,421810,1
,421820,1
,421830,1
,421840,1
,421850,1
,421860,1
,421910,1
,421920,1
,421930,1
,421940,1
,421990,1
,422110,1
,422120,1
,422130,1
,422210,1
,422310,1
,422320,1
,422330,1
,422340,1
,422410,1
,422420,1
,422430,1
,422440,1
,422450,1
,422460,1
,422470,1
,422480,1
,422490,1
,422510,1
,422520,1
,422590,1
,422610,1
,422690,1
,422720,1
,422810,1
,422820,1
,422910,1
,422920,1
,422930,1
,422940,1
,422950,1
,422990,1
425110 Total,,68
425120,421110,1
,421120,1
,421130,1
,421140,1
,421210,1
,421220,1
,421310,1
,421320,1
,421330,1
,421390,1
,421410,1
,421420,1
,421430,1
,421440,1
,421450,1
,421460,1
,421490,1
,421510,1
,421520,1
,421610,1
,421620,1
,421690,1
,421710,1
,421720,1
,421730,1
,421740,1
,421810,1
,421820,1
,421830,1
,421840,1
,421850,1
,421860,1
,421910,1
,421920,1
,421930,1
,421940,1
,421990,1
,422110,1
,422120,1
,422130,1
,422210,1
,422310,1
,422320,1
,422330,1
,422340,1
,422410,1
,422420,1
,422430,1
,422440,1
,422450,1
,422460,1
,422470,1
,422480,1
,422490,1
,422510,1
,422520,1
,422590,1
,422610,1
,422690,1
,422720,1
,422810,1
,422820,1
,422910,1
,422920,1
,422930,1
,422940,1
,422950,1
,422990,1
425120 Total,,68
441110,441110,1
441110 Total,,1
441120,441120,1
441120 Total,,1
441210,441210,1
441210 Total,,1
441221,441221,1
441221 Total,,1
441222,441222,1
441222 Total,,1
441229,441229,1
441229 Total,,1
441310,441310,1
441310 Total,,1
441320,441320,1
441320 Total,,1
442110,442110,1
442110 Total,,1
442210,442210,1
442210 Total,,1
442291,442291,1
442291 Total,,1
442299,442299,1
442299 Total,,1
443111,443111,1
443111 Total,,1
443112,443112,1
443112 Total,,1
443120,443120,1
443120 Total,,1
443130,443130,1
443130 Total,,1
444110,444110,1
444110 Total,,1
444120,444120,1
444120 Total,,1
444130,444130,1
444130 Total,,1
444190,444190,1
444190 Total,,1
444210,444210,1
444210 Total,,1
444220,444220,1
444220 Total,,1
445110,445110,1
445110 Total,,1
445120,445120,1
445120 Total,,1
445210,445210,1
445210 Total,,1
445220,445220,1
445220 Total,,1
445230,445230,1
445230 Total,,1
445291,445291,1
445291 Total,,1
445292,445292,1
445292 Total,,1
445299,445299,1
445299 Total,,1
445310,445310,1
445310 Total,,1
446110,446110,1
446110 Total,,1
446120,446120,1
446120 Total,,1
446130,446130,1
446130 Total,,1
446191,446191,1
446191 Total,,1
446199,446199,1
446199 Total,,1
447110,447110,1
447110 Total,,1
447190,447190,1
447190 Total,,1
448110,448110,1
448110 Total,,1
448120,448120,1
448120 Total,,1
448130,448130,1
448130 Total,,1
448140,448140,1
448140 Total,,1
448150,448150,1
448150 Total,,1
448190,448190,1
448190 Total,,1
448210,448210,1
448210 Total,,1
448310,448310,1
448310 Total,,1
448320,448320,1
448320 Total,,1
451110,451110,1
451110 Total,,1
451120,451120,1
451120 Total,,1
451130,451130,1
451130 Total,,1
451140,451140,1
451140 Total,,1
451211,451211,1
451211 Total,,1
451212,451212,1
451212 Total,,1
451220,451220,1
451220 Total,,1
452111,452110,1
452111 Total,,1
452112,452110,1
452112 Total,,1
452910,452910,1
452910 Total,,1
452990,452990,1
452990 Total,,1
453110,453110,1
453110 Total,,1
453210,453210,1
453210 Total,,1
453220,453220,1
453220 Total,,1
453310,453310,1
453310 Total,,1
453910,453910,1
453910 Total,,1
453920,453920,1
453920 Total,,1
453930,453930,1
453930 Total,,1
453991,453991,1
453991 Total,,1
453998,453998,1
453998 Total,,1
454111,454110,1
454111 Total,,1
454112,454110,1
454112 Total,,1
454113,454110,1
454113 Total,,1
454210,454210,1
454210 Total,,1
454311,454311,1
454311 Total,,1
454312,454312,1
454312 Total,,1
454319,454319,1
454319 Total,,1
454390,454390,1
454390 Total,,1
481111,481111,1
481111 Total,,1
481112,481112,1
481112 Total,,1
481211,481211,1
481211 Total,,1
481212,481212,1
481212 Total,,1
481219,481219,1
481219 Total,,1
482111,482111,1
482111 Total,,1
482112,482112,1
482112 Total,,1
483111,483111,1
483111 Total,,1
483112,483112,1
483112 Total,,1
483113,483113,1
483113 Total,,1
483114,483114,1
483114 Total,,1
483211,483211,1
483211 Total,,1
483212,483212,1
483212 Total,,1
484110,484110,1
484110 Total,,1
484121,484121,1
484121 Total,,1
484122,484122,1
484122 Total,,1
484210,484210,1
484210 Total,,1
484220,484220,1
484220 Total,,1
484230,484230,1
484230 Total,,1
485111,485111,1
485111 Total,,1
485112,485112,1
485112 Total,,1
485113,485113,1
485113 Total,,1
485119,485119,1
485119 Total,,1
485210,485210,1
485210 Total,,1
485310,485310,1
485310 Total,,1
485320,485320,1
485320 Total,,1
485410,485410,1
485410 Total,,1
485510,485510,1
485510 Total,,1
485991,485991,1
485991 Total,,1
485999,485999,1
485999 Total,,1
486110,486110,1
486110 Total,,1
486210,486210,1
486210 Total,,1
486910,486910,1
486910 Total,,1
486990,486990,1
486990 Total,,1
487110,487110,1
487110 Total,,1
487210,487210,1
487210 Total,,1
487990,487990,1
487990 Total,,1
488111,488111,1
488111 Total,,1
488119,488119,1
488119 Total,,1
488190,488190,1
488190 Total,,1
488210,488210,1
488210 Total,,1
488310,488310,1
488310 Total,,1
488320,488320,1
488320 Total,,1
488330,488330,1
488330 Total,,1
488390,488390,1
488390 Total,,1
488410,488410,1
488410 Total,,1
488490,488490,1
488490 Total,,1
488510,488510,1
488510 Total,,1
488991,488991,1
488991 Total,,1
488999,488999,1
488999 Total,,1
491110,491110,1
491110 Total,,1
492110,492110,1
492110 Total,,1
492210,492210,1
492210 Total,,1
493110,493110,1
493110 Total,,1
493120,493120,1
493120 Total,,1
493130,493130,1
493130 Total,,1
493190,493190,1
493190 Total,,1
511110,511110,1
511110 Total,,1
511120,511120,1
511120 Total,,1
511130,511130,1
,511199,1
511130 Total,,2
511140,511140,1
511140 Total,,1
511191,511191,1
511191 Total,,1
511199,511199,1
511199 Total,,1
511210,511210,1
511210 Total,,1
512110,512110,1
512110 Total,,1
512120,512120,1
512120 Total,,1
512131,512131,1
512131 Total,,1
512132,512132,1
512132 Total,,1
512191,512191,1
512191 Total,,1
512199,512199,1
512199 Total,,1
512210,512210,1
512210 Total,,1
512220,512220,1
512220 Total,,1
512230,512230,1
512230 Total,,1
512240,512240,1
512240 Total,,1
512290,512290,1
512290 Total,,1
515111,513111,1
515111 Total,,1
515112,513112,1
515112 Total,,1
515120,513120,1
515120 Total,,1
515210,513210,1
515210 Total,,1
516110,511110,1
,511120,1
,511130,1
,511140,1
,511191,1
,511199,1
,514199,1
516110 Total,,7
517110,513310,1
517110 Total,,1
517211,513321,1
517211 Total,,1
517212,513322,1
517212 Total,,1
517310,513330,1
517310 Total,,1
517410,513340,1
517410 Total,,1
517510,513220,1
517510 Total,,1
517910,513390,1
517910 Total,,1
518111,514191,1
518111 Total,,1
518112,514199,1
518112 Total,,1
518210,514210,1
518210 Total,,1
519110,514110,1
519110 Total,,1
519120,514120,1
519120 Total,,1
519190,514199,1
519190 Total,,1
521110,521110,1
521110 Total,,1
522110,522110,1
522110 Total,,1
522120,522120,1
522120 Total,,1
522130,522130,1
522130 Total,,1
522190,522190,1
522190 Total,,1
522210,522210,1
522210 Total,,1
522220,522220,1
522220 Total,,1
522291,522291,1
522291 Total,,1
522292,522292,1
522292 Total,,1
522293,522293,1
522293 Total,,1
522294,522294,1
522294 Total,,1
522298,522298,1
522298 Total,,1
522310,522310,1
522310 Total,,1
522320,522320,1
522320 Total,,1
522390,522390,1
522390 Total,,1
523110,523110,1
523110 Total,,1
523120,523120,1
523120 Total,,1
523130,523130,1
523130 Total,,1
523140,523140,1
523140 Total,,1
523210,523210,1
523210 Total,,1
523910,523910,1
523910 Total,,1
523920,523920,1
523920 Total,,1
523930,523930,1
523930 Total,,1
523991,523991,1
523991 Total,,1
523999,523999,1
523999 Total,,1
524113,524113,1
524113 Total,,1
524114,524114,1
524114 Total,,1
524126,524126,1
524126 Total,,1
524127,524127,1
524127 Total,,1
524128,524128,1
524128 Total,,1
524130,524130,1
524130 Total,,1
524210,524210,1
524210 Total,,1
524291,524291,1
524291 Total,,1
524292,524292,1
524292 Total,,1
524298,524298,1
524298 Total,,1
525110,525110,1
525110 Total,,1
525120,525120,1
525120 Total,,1
525190,525190,1
525190 Total,,1
525910,525910,1
525910 Total,,1
525920,525920,1
525920 Total,,1
525930,525930,1
525930 Total,,1
525990,525990,1
525990 Total,,1
531110,531110,1
531110 Total,,1
531120,531120,1
531120 Total,,1
531130,531130,1
531130 Total,,1
531190,531190,1
531190 Total,,1
531210,531210,1
531210 Total,,1
531311,531311,1
531311 Total,,1
531312,531312,1
531312 Total,,1
531320,531320,1
531320 Total,,1
531390,531390,1
531390 Total,,1
532111,532111,1
532111 Total,,1
532112,532112,1
532112 Total,,1
532120,532120,1
532120 Total,,1
532210,532210,1
532210 Total,,1
532220,532220,1
532220 Total,,1
532230,532230,1
532230 Total,,1
532291,532291,1
532291 Total,,1
532292,532292,1
532292 Total,,1
532299,532299,1
532299 Total,,1
532310,532310,1
532310 Total,,1
532411,532411,1
532411 Total,,1
532412,532412,1
532412 Total,,1
532420,532420,1
532420 Total,,1
532490,532490,1
532490 Total,,1
533110,533110,1
533110 Total,,1
541110,541110,1
541110 Total,,1
541120,541120,1
541120 Total,,1
541191,541191,1
541191 Total,,1
541199,541199,1
541199 Total,,1
541211,541211,1
541211 Total,,1
541213,541213,1
541213 Total,,1
541214,541214,1
541214 Total,,1
541219,541219,1
541219 Total,,1
541310,541310,1
541310 Total,,1
541320,541320,1
541320 Total,,1
541330,541330,1
541330 Total,,1
541340,541340,1
541340 Total,,1
541350,541350,1
541350 Total,,1
541360,541360,1
541360 Total,,1
541370,541370,1
541370 Total,,1
541380,541380,1
541380 Total,,1
541410,541410,1
541410 Total,,1
541420,541420,1
541420 Total,,1
541430,541430,1
541430 Total,,1
541490,541490,1
541490 Total,,1
541511,541511,1
541511 Total,,1
541512,541512,1
541512 Total,,1
541513,541513,1
541513 Total,,1
541519,541519,1
541519 Total,,1
541611,541611,1
541611 Total,,1
541612,541612,1
541612 Total,,1
541613,541613,1
541613 Total,,1
541614,541614,1
541614 Total,,1
541618,541618,1
541618 Total,,1
541620,541620,1
541620 Total,,1
541690,541690,1
541690 Total,,1
541710,541710,1
541710 Total,,1
541720,541720,1
541720 Total,,1
541810,541810,1
541810 Total,,1
541820,541820,1
541820 Total,,1
541830,541830,1
541830 Total,,1
541840,541840,1
541840 Total,,1
541850,541850,1
541850 Total,,1
541860,541860,1
541860 Total,,1
541870,541870,1
541870 Total,,1
541890,541890,1
541890 Total,,1
541910,541910,1
541910 Total,,1
541921,541921,1
541921 Total,,1
541922,541922,1
541922 Total,,1
541930,541930,1
541930 Total,,1
541940,541940,1
541940 Total,,1
541990,541990,1
541990 Total,,1
551111,551111,1
551111 Total,,1
551112,551112,1
551112 Total,,1
551114,551114,1
551114 Total,,1
561110,561110,1
561110 Total,,1
561210,561210,1
561210 Total,,1
561310,561310,1
561310 Total,,1
561320,561320,1
561320 Total,,1
561330,561330,1
561330 Total,,1
561410,561410,1
561410 Total,,1
561421,561421,1
561421 Total,,1
561422,561422,1
561422 Total,,1
561431,561431,1
561431 Total,,1
561439,561439,1
561439 Total,,1
561440,561440,1
561440 Total,,1
561450,561450,1
561450 Total,,1
561491,561491,1
561491 Total,,1
561492,561492,1
561492 Total,,1
561499,561499,1
561499 Total,,1
561510,561510,1
561510 Total,,1
561520,561520,1
561520 Total,,1
561591,561591,1
561591 Total,,1
561599,561599,1
561599 Total,,1
561611,561611,1
561611 Total,,1
561612,561612,1
561612 Total,,1
561613,561613,1
561613 Total,,1
561621,561621,1
561621 Total,,1
561622,561622,1
561622 Total,,1
561710,561710,1
561710 Total,,1
561720,561720,2
561720 Total,,2
561730,561730,1
561730 Total,,1
561740,561740,1
561740 Total,,1
561790,561790,1
561790 Total,,1
561910,561910,1
561910 Total,,1
561920,561920,1
561920 Total,,1
561990,561990,1
561990 Total,,1
562111,562111,1
562111 Total,,1
562112,562112,1
562112 Total,,1
562119,562119,1
562119 Total,,1
562211,562211,1
562211 Total,,1
562212,562212,1
562212 Total,,1
562213,562213,1
562213 Total,,1
562219,562219,1
562219 Total,,1
562910,562910,1
562910 Total,,1
562920,562920,1
562920 Total,,1
562991,562991,1
562991 Total,,1
562998,562998,1
562998 Total,,1
611110,611110,1
611110 Total,,1
611210,611210,1
611210 Total,,1
611310,611310,1
611310 Total,,1
611410,611410,1
611410 Total,,1
611420,611420,1
611420 Total,,1
611430,611430,1
611430 Total,,1
611511,611511,1
611511 Total,,1
611512,611512,1
611512 Total,,1
611513,611513,1
611513 Total,,1
611519,611519,1
611519 Total,,1
611610,611610,1
611610 Total,,1
611620,611620,1
611620 Total,,1
611630,611630,1
611630 Total,,1
611691,611691,1
611691 Total,,1
611692,611692,1
611692 Total,,1
611699,611699,1
611699 Total,,1
611710,611710,1
611710 Total,,1
621111,621111,1
621111 Total,,1
621112,621112,1
621112 Total,,1
621210,621210,1
621210 Total,,1
621310,621310,1
621310 Total,,1
621320,621320,1
621320 Total,,1
621330,621330,1
621330 Total,,1
621340,621340,1
621340 Total,,1
621391,621391,1
621391 Total,,1
621399,621399,1
621399 Total,,1
621410,621410,1
621410 Total,,1
621420,621420,1
621420 Total,,1
621491,621491,1
621491 Total,,1
621492,621492,1
621492 Total,,1
621493,621493,1
621493 Total,,1
621498,621498,1
621498 Total,,1
621511,621511,1
621511 Total,,1
621512,621512,1
621512 Total,,1
621610,621610,1
621610 Total,,1
621910,621910,1
621910 Total,,1
621991,621991,1
621991 Total,,1
621999,621999,1
621999 Total,,1
622110,622110,1
622110 Total,,1
622210,622210,1
622210 Total,,1
622310,622310,1
622310 Total,,1
623110,623110,1
623110 Total,,1
623210,623210,1
623210 Total,,1
623220,623220,1
623220 Total,,1
623311,623311,1
623311 Total,,1
623312,623312,1
623312 Total,,1
623990,623990,1
623990 Total,,1
624110,624110,1
624110 Total,,1
624120,624120,1
624120 Total,,1
624190,624190,1
624190 Total,,1
624210,624210,1
624210 Total,,1
624221,624221,1
624221 Total,,1
624229,624229,1
624229 Total,,1
624230,624230,1
624230 Total,,1
624310,624310,1
624310 Total,,1
624410,624410,1
624410 Total,,1
711110,711110,1
711110 Total,,1
711120,711120,1
711120 Total,,1
711130,711130,1
711130 Total,,1
711190,711190,1
711190 Total,,1
711211,711211,1
711211 Total,,1
711212,711212,1
711212 Total,,1
711219,711219,1
711219 Total,,1
711310,711310,1
711310 Total,,1
711320,711320,1
711320 Total,,1
711410,711410,1
711410 Total,,1
711510,711510,1
711510 Total,,1
712110,712110,1
712110 Total,,1
712120,712120,1
712120 Total,,1
712130,712130,1
712130 Total,,1
712190,712190,1
712190 Total,,1
713110,713110,1
713110 Total,,1
713120,713120,1
713120 Total,,1
713210,713210,1
713210 Total,,1
713290,713290,1
713290 Total,,1
713910,713910,1
713910 Total,,1
713920,713920,1
713920 Total,,1
713930,713930,1
713930 Total,,1
713940,713940,1
713940 Total,,1
713950,713950,1
713950 Total,,1
713990,713990,1
713990 Total,,1
721110,721110,1
721110 Total,,1
721120,721120,1
721120 Total,,1
721191,721191,1
721191 Total,,1
721199,721199,1
721199 Total,,1
721211,721211,1
721211 Total,,1
721214,721214,1
721214 Total,,1
721310,721310,1
721310 Total,,1
722110,722110,1
722110 Total,,1
722211,722211,1
722211 Total,,1
722212,722212,1
722212 Total,,1
722213,722213,1
722213 Total,,1
722310,722310,1
722310 Total,,1
722320,722320,1
722320 Total,,1
722330,722330,1
722330 Total,,1
722410,722410,1
722410 Total,,1
811111,811111,1
811111 Total,,1
811112,811112,1
811112 Total,,1
811113,811113,1
811113 Total,,1
811118,811118,1
811118 Total,,1
811121,811121,1
811121 Total,,1
811122,811122,1
811122 Total,,1
811191,811191,1
811191 Total,,1
811192,811192,1
811192 Total,,1
811198,811198,1
811198 Total,,1
811211,811211,1
811211 Total,,1
811212,811212,1
811212 Total,,1
811213,811213,1
811213 Total,,1
811219,811219,1
811219 Total,,1
811310,811310,1
811310 Total,,1
811411,811411,1
811411 Total,,1
811412,811412,1
811412 Total,,1
811420,811420,1
811420 Total,,1
811430,811430,1
811430 Total,,1
811490,811490,1
811490 Total,,1
812111,812111,1
812111 Total,,1
812112,812112,1
812112 Total,,1
812113,812113,1
812113 Total,,1
812191,812191,1
812191 Total,,1
812199,812199,1
812199 Total,,1
812210,812210,1
812210 Total,,1
812220,812220,1
812220 Total,,1
812310,812310,1
812310 Total,,1
812320,812320,1
812320 Total,,1
812331,812331,1
812331 Total,,1
812332,812332,1
812332 Total,,1
812910,812910,1
812910 Total,,1
812921,812921,1
812921 Total,,1
812922,812922,1
812922 Total,,1
812930,812930,1
812930 Total,,1
812990,812990,1
812990 Total,,1
813110,813110,1
813110 Total,,1
813211,813211,1
813211 Total,,1
813212,813212,1
813212 Total,,1
813219,813219,1
813219 Total,,1
813311,813311,1
813311 Total,,1
813312,813312,1
813312 Total,,1
813319,813319,1
813319 Total,,1
813410,813410,1
813410 Total,,1
813910,813910,1
813910 Total,,1
813920,813920,1
813920 Total,,1
813930,813930,1
813930 Total,,1
813940,813940,1
813940 Total,,1
813990,813990,1
813990 Total,,1
814110,814110,1
814110 Total,,1
921110,921110,1
921110 Total,,1
921120,921120,1
921120 Total,,1
921130,921130,1
921130 Total,,1
921140,921140,1
921140 Total,,1
921150,921150,1
921150 Total,,1
921190,921190,1
921190 Total,,1
922110,922110,1
922110 Total,,1
922120,922120,1
922120 Total,,1
922130,922130,1
922130 Total,,1
922140,922140,1
922140 Total,,1
922150,922150,1
922150 Total,,1
922160,922160,1
922160 Total,,1
922190,922190,1
922190 Total,,1
923110,923110,1
923110 Total,,1
923120,923120,1
923120 Total,,1
923130,923130,1
923130 Total,,1
923140,923140,1
923140 Total,,1
924110,924110,1
924110 Total,,1
924120,924120,1
924120 Total,,1
925110,925110,1
925110 Total,,1
925120,925120,1
925120 Total,,1
926110,926110,1
926110 Total,,1
926120,926120,1
926120 Total,,1
926130,926130,1
926130 Total,,1
926140,926140,1
926140 Total,,1
926150,926150,1
926150 Total,,1
927110,927110,1
927110 Total,,1
928110,928110,1
928110 Total,,1
928120,928120,1
928120 Total,,1
(blank),(blank),
(blank) Total,,
Grand Total,,1354
